Nb de leçons divergente entre l'édition et témoin :872		
Nb de leçons en commun avec C2 :120		
Nb de lieux variants en commun avec C2 :141		
Nb de leçons en commun avec C3 :72		
Nb de lieux variants en commun avec C3 :81		
Nb de leçons en commun avec D :306		
Nb de lieux variants en commun avec D :340		
Nb de leçons en commun avec G1 :195		
Nb de lieux variants en commun avec G1 :308		
Nb de leçons en commun avec M1 :145		
Nb de lieux variants en commun avec M1 :241		
		
Nb de leçons en commun avec N :163		
Nb de lieux variants en commun avec N :279		
		
ajout		
74		
Pourcentage : 8.486238532110093		
Nb de leçons en commun avec C2 :9		
Nb de lieux variants en commun avec C2 :12		
		
Nb de leçons en commun avec C3 :5		
Nb de lieux variants en commun avec C3 :5		
		
Nb de leçons en commun avec D :29		
Nb de lieux variants en commun avec D :35		
		
Nb de leçons en commun avec G1 :10		
Nb de lieux variants en commun avec G1 :26		
		
Nb de leçons en commun avec M1 :3		
Nb de lieux variants en commun avec M1 :13		
		
Nb de leçons en commun avec N :5		
Nb de lieux variants en commun avec N :15		
		
Lemme 	leçon	
qant	et qant (C2 C3 D E2 G1 M1 N)	2
savoir	savoir oïr (E2)	1
feront	feront il (E2)	1
ne humilité	ne debonnereté ne humilité (E2)	1
a	en a (E2)	1
et pris	et pris en tele maniere (E2)	1
ne misericorde	ne nule misericorde (D E2 G1)	1
donee	donné au povre home (E2)	1
dite	oïe et dite (E2)	1
les	les soes (E2)	1
se trestretrest 	se trest li seinz hom (D E2)	1
proia	proia il (C3 E2 G1 M1)	1
a sa mere	a son pere et a sa mere (E2)	1
en	en une cité en (D E2)	1
ensivoient	tenoient et ensivoient (D E2)	1
de seint Martin li premerainspremiers miracles	le premier miracle que Diex fist pour saint Martin (E2)	1
fist il	fist il fere (E2)	1
mout	molt forment (C2 D E2)	1
li	toz les (C2 D E2)	1
revint	revint au lieu (E2)	1
avint	avint il (C2 C3 D E2)	1
trenchier	a trenchier (D E2)	1
mostres	nos mostres (D E2)	1
lor esperance perdue	leur force perdue et leur esperance (D E2)	1
ses bones exemples	bone creance et par ses exemples (E2)	1
debrisa	le debrisa (D E2)	1
mist	se mist (C2 C3 E2)	1
ferir	ferir a descouvert (E2)	1
foi	la foi (E2)	1
demenee	si demenee (E2)	1
a terre	a genoullons sus terre (E2)	1
Lors	Et lors (E2)	1
ne	il ne (D E2)	1
torblee	molt troublee (E2)	1
fille	pucele a fille (E2)	1
ensamble o	ensemble o lui (E2)	1
nule	ne de nulle (E2)	1
comandast	li conmandast (D E2 G1 M1 N)	1
et grant feste fere	et grant joie fere et grant feste (D E2)	1
seüst	seüst il (C2 C3 D E2 G1)	1
par ses aguaiz	par ses engins ne pas ses agués (E2)	1
demostrer et fere	demener et si granz demonstrer et fere (E2)	1
volt	li volt (D E2 N)	1
le blasmoit	blasmoit molt son afere (E2)	1
nostre Signor	nostre Seigneur Jhesu Crist (E2)	1
tres	molt tres (E2)	1
vint	ce vint (C2 D E2 G1)	1
lumieres	de lumieres (E2)	1
mostrerdemoustrerdemorerdemener devant lui	demorer devant lui ne demonster (E2)	1
la forme	la fourme et en l'estat (E2)	1
cuidance	fole quidance (E2 G1)	1
vi	li vi (D E2)	1
seintes	saintes fors (E2)	1
as evesqes	et cest encore aus evesques (E2)	1
firent	i firent (E2)	1
beau	molt biau (C2 D E2)	1
ne viveroit	morroit et qu'il ne vivroit (E2)	1
et 	et puis (E2)	1
si	et si (E2)	1
desfendera	le deffendra (D E2 N)	1
disoit	leur disoit (D E2 G1 N)	1
vindrent	i vindrent (D E2)	1
chantees	chantees pour l'ennor del seint home (D E2)	1
de	et de (E2)	1
le col a estendre	le col a estendre et la teste (D E2)	1
joie	grant joie (E2)	1
leesche	grant leesce (E2)	1
en nule maniere	en nule maniere du monde (E2)	1
Dont	Et dont (E2)	1
amont treire	amont trere, mes neant ne leur valut (D E2)	1
Quant	Et quant (E2 G1)	1
estoit aorez	estoit aorez et est encore (D E2)	1
des siecles	des siecles sanz fin (C2 D E2 G1)	1
		
casAbs		
11		
Pourcentage : 1.261467889908257		
Nb de leçons en commun avec C2 :3		
Nb de lieux variants en commun avec C2 :3		
		
Nb de leçons en commun avec C3 :3		
Nb de lieux variants en commun avec C3 :3		
		
Nb de leçons en commun avec D :3		
Nb de lieux variants en commun avec D :3		
		
Nb de leçons en commun avec G1 :4		
Nb de lieux variants en commun avec G1 :6		
		
Nb de leçons en commun avec M1 :3		
Nb de lieux variants en commun avec M1 :4		
		
Nb de leçons en commun avec N :3		
Nb de lieux variants en commun avec N :4		
		
Lemme 	leçon	
nostre	de nostre (E2 G1 M1 N)	1
nostre Signor	de nostre Seignor (C2 C3 D E2 M1)	1
seint Martin	de seint Martin (C2 C3 D E2)	1
		
erreur		
4		
Pourcentage : 0.45871559633027525		
Nb de leçons en commun avec C2 :0		
Nb de lieux variants en commun avec C2 :0		
		
Nb de leçons en commun avec C3 :0		
Nb de lieux variants en commun avec C3 :0		
		
Nb de leçons en commun avec D :0		
Nb de lieux variants en commun avec D :0		
		
Nb de leçons en commun avec G1 :0		
Nb de lieux variants en commun avec G1 :1		
		
Nb de leçons en commun avec M1 :0		
Nb de lieux variants en commun avec M1 :0		
		
Nb de leçons en commun avec N :0		
Nb de lieux variants en commun avec N :0		
		
Lemme 	leçon	
sols	olz (E2)	1
li	li li (E2)	1
fables	flabes (E2)	1
q'il	qui il (E2)	1
		
etym.		
5		
Pourcentage : 0.573394495412844		
Nb de leçons en commun avec C2 :0		
Nb de lieux variants en commun avec C2 :0		
		
Nb de leçons en commun avec C3 :1		
Nb de lieux variants en commun avec C3 :1		
		
Nb de leçons en commun avec D :1		
Nb de lieux variants en commun avec D :1		
		
Nb de leçons en commun avec G1 :2		
Nb de lieux variants en commun avec G1 :2		
		
Nb de leçons en commun avec M1 :5		
Nb de lieux variants en commun avec M1 :5		
		
Nb de leçons en commun avec N :4		
Nb de lieux variants en commun avec N :4		
		
Lemme 	leçon	
ert	estoit (E2 M1 N)	2
n'ert	n'estoit (E2 M1 N)	1
estoit	iert (E2 M1)	1
erent	estoient (D E2 G1 M1 N)	1
		
inv.		
59		
Pourcentage : 6.76605504587156		
Nb de leçons en commun avec C2 :11		
Nb de lieux variants en commun avec C2 :12		
		
Nb de leçons en commun avec C3 :5		
Nb de lieux variants en commun avec C3 :6		
		
Nb de leçons en commun avec D :26		
Nb de lieux variants en commun avec D :26		
		
Nb de leçons en commun avec G1 :13		
Nb de lieux variants en commun avec G1 :22		
		
Nb de leçons en commun avec M1 :8		
Nb de lieux variants en commun avec M1 :20		
		
Nb de leçons en commun avec N :7		
Nb de lieux variants en commun avec N :18		
		
Lemme 	leçon	
les oevres et  les vies	les vies et les oevres (E2 G1 M1 N)	1
et de par mere et de par pere	et de par pere et de par mere (D E2 G1 M1 N)	1
enfanz avoient: chevaliers les		
                feïssent.	avoient enfanz les feïssent chevaliers (E2)	1
portoient signorie et reverencehonneur et seignorieamor et seignorie	seignorie li portoient et reverance (E2)	1
siensi feisoit il ne por qantet ensivoit	et nepourqaunt si fesoit il (E2)	1
seulement par non	par non seulement (E2)	1
a douner et a departir	a departir et a donner (C2 C3 D E2 G1 M1)	1
Li empereres, qant il oï ce	Qant li empereres oï ce (D E2 N)	1
a lui messages	messages a lui (E2)	1
s'esvanui li deablesanemis de devant lui	de devant lui li deables (D E2)	1
graces a rendre	a rendre graces (E2 G1)	1
devant avoit	avoit devant (D E2 G1 M1 N)	1
mises totes lor choses	lor choses mises (E2)	1
fors seulement d'enescritures	fors par escriptures seulement (C2 D E2)	1
example prendre	prendre essemple (E2)	1
non fere	fere non (D E2)	1
en i	i en (E2)	1
encore mieentendu	mie encore (E2)	1
a nostre Signor a feire et a dire	a fere et a dire a nostre Seigneur (E2)	1
le cors a terrejus a terre	a terre le cors (C2 C3 D E2)	1
a trenchier	a trenchier et lonc (C2 C3 E2)	1
sosfrir l'arbre a abatre	l'arbre soffrir a abatre (C2 D E2)	1
celui einsi	ainssi celui (E2 G1 M1)	1
clinoit plus et pendoit	clinoit et pandoit plus (D E2)	1
i estoient soventes foiz joïessouvent veües et celebrees	souventes foiz estoient molt joïes et celebres (E2)	1
a demeneret amenaa mener les flambesla flambe	les flambes a demener (E2)	1
sa celleson habitacle .et a son		
                mostier	son mostier et a sa celle (E2)	1
a celuicestui qe j'ai		
                conté dessamblables	a cestui dessemblables que j'ai conté (D E2)	1
destruire et depecier	despecier et destruire (D E2)	1
au seint home por reqerrequerrepor le reqerre soucors	au saint home pour secours querre (E2)	1
un pou en la bouche dea la puceledemoisele	en la bouche de la pucele un pou (D E2)	1
tost tenist	tenist tost (D E2)	1
par seint Martin delivree de l'enemidel deabledel deale delivreedel deable delivre a toudis	delivre par saint Martin de l'anemi (E2)	1
pou de Uns autres		
                    miracles tens aprés	aprés de tempz (E2)	1
n'orent poor de princesn'avoient nule paour d'espeesn'orent ainc paor de prinches. ne de rois	n'orent paour de rois ne de princes (E2)	1
l'oï et entendi	l'entendi et oï (D E2)	1
sauroiz vos et conisteroiz	le quenoistrez vous et sauroiz (E2)	1
toz li leus se movoit ouli liex ou il estoient	tous li liex ou il estoient s'esmouvoit (E2)	1
fu ele	ele fu (C2 D E2 G1 M1)	1
precieuses pierres	pierres precieuses (D E2 G1 M1 N)	1
toztrestout qi	qui tous (E2)	1
cez choses avez oïes	avés ces choses oïes (E2)	1
proprementpremierement le vit	le vit proprement (C2 D E2 M1)	1
fermeüre desfermer del huis	fermeuüre de l'uis defermer (C2 D E2)	1
fermeüre desfermer del huis	fermeuüre de l'uis defermer (C2 D E2)	1
li deables par son art deceü	li deables deceü par son art (D E2 G1)	1
les clers de l'eglisse	l'yglise entre les clers (E2)	1
les iols et les meins	les meins et les euz (C2 C3 D E2 G1)	1
par les meins des seinz angeles portez	portez par les mains des sainz angles (D E2 G1 N)	1
envers nos avoir	avoir envers nous (E2)	1
ooit et entendoit	entendoit et ooit (E2)	1
les oreilles a tornerentendre	a torner les orilles (D E2)	1
je quiç qe por ce	pour ce cuit je (E2)	1
bien savoientle savoient	savoient bien (E2)	1
lassez et ennuiez	anuiez et lassés (E2)	1
cil tuit	tout cil (E2 N)	1
tuit puissons	puissions tuit (C2 D E2)	1
voisins evesqes	evesqes voisins (C2 C3 D E2 G1)	1
por mengier ensamble	ensemble pour mengier (E2)	1
en escripture a metre	a metre en escripture (D E2 G1)	1
		
plur.		
14		
Pourcentage : 1.6055045871559634		
Nb de leçons en commun avec C2 :0		
Nb de lieux variants en commun avec C2 :0		
		
Nb de leçons en commun avec C3 :0		
Nb de lieux variants en commun avec C3 :0		
		
Nb de leçons en commun avec D :1		
Nb de lieux variants en commun avec D :2		
		
Nb de leçons en commun avec G1 :2		
Nb de lieux variants en commun avec G1 :5		
		
Nb de leçons en commun avec M1 :4		
Nb de lieux variants en commun avec M1 :5		
		
Nb de leçons en commun avec N :3		
Nb de lieux variants en commun avec N :4		
		
Lemme 	leçon	
le	les (E2)	3
del	des (E2)	1
le tesmoing	les tesmoins (E2 M1)	1
de gent	des genz (E2)	1
l'example	les exemples (E2)	1
deu	diex (E2)	1
fust	fussent (E2)	1
vit	virent (E2 M1)	1
sa parole	ses paroles (E2)	1
Saces	sachiez (E2)	1
prestres	prestre (E2 G1 M1 N)	1
estoit venuz li proioit	estoient venu li prioient (D E2 G1 M1 N)	1
		
red.		
1		
Pourcentage : 0.11467889908256881		
Nb de leçons en commun avec C2 :0		
Nb de lieux variants en commun avec C2 :0		
		
Nb de leçons en commun avec C3 :0		
Nb de lieux variants en commun avec C3 :0		
		
Nb de leçons en commun avec D :1		
Nb de lieux variants en commun avec D :1		
		
Nb de leçons en commun avec G1 :0		
Nb de lieux variants en commun avec G1 :0		
		
Nb de leçons en commun avec M1 :0		
Nb de lieux variants en commun avec M1 :0		
		
Nb de leçons en commun avec N :0		
Nb de lieux variants en commun avec N :0		
		
Lemme 	leçon	
vestuz estoitestoit vestuz et affublez	estoit affublé (D E2)	1
		
sing.		
8		
Pourcentage : 0.9174311926605505		
Nb de leçons en commun avec C2 :2		
Nb de lieux variants en commun avec C2 :2		
		
Nb de leçons en commun avec C3 :1		
Nb de lieux variants en commun avec C3 :1		
		
Nb de leçons en commun avec D :2		
Nb de lieux variants en commun avec D :2		
		
Nb de leçons en commun avec G1 :2		
Nb de lieux variants en commun avec G1 :5		
		
Nb de leçons en commun avec M1 :1		
Nb de lieux variants en commun avec M1 :4		
		
Nb de leçons en commun avec N :0		
Nb de lieux variants en commun avec N :3		
		
Lemme 	leçon	
les empereors	l'empereor (C2 D E2 G1)	1
des genz	de gent (E2 M1)	1
les genz	la gent (E2)	1
lessoient	lessoit (E2)	1
firent	fist (E2)	1
guetent	guete (C2 C3 E2 G1)	1
estoient	estoit (D E2)	1
beaus (#C2 #C3 #D)	beau (C1 E2)	1
		
temps		
21		
Pourcentage : 2.408256880733945		
Nb de leçons en commun avec C2 :1		
Nb de lieux variants en commun avec C2 :2		
		
Nb de leçons en commun avec C3 :2		
Nb de lieux variants en commun avec C3 :2		
		
Nb de leçons en commun avec D :4		
Nb de lieux variants en commun avec D :7		
		
Nb de leçons en commun avec G1 :5		
Nb de lieux variants en commun avec G1 :7		
		
Nb de leçons en commun avec M1 :6		
Nb de lieux variants en commun avec M1 :7		
		
Nb de leçons en commun avec N :7		
Nb de lieux variants en commun avec N :8		
		
Lemme 	leçon	
tesmoignoient	tesmoignent (E2 M1 N)	2
chevauchierent	chevauchoient (E2 G1)	1
eüst	avoit (E2 G1 M1 N)	1
ce ne fust	ce n'est mie (E2)	1
cremirai	criembre (C2 C3 E2)	1
orguelli	orgueil (E2)	1
apertienent	apartenoient (E2 G1)	1
arst	ardi (D E2)	1
doivent	devoient (E2 G1 M1 N)	1
iert	est (E2)	1
vout	voloit (C3 D E2 G1 M1 N)	1
aloient	alerent (E2)	1
semblast	sembloit (E2)	1
est	estoit (E2 M1 N)	1
s'esveilla	s'esveille (E2)	1
sont	seront (E2)	1
s'esleecierent	s'esleeçoient (D E2 N)	1
emporterent	emportoient (E2)	1
je	j'ai (D E2 M1 N)	1
esmervellierent	esmerveilloient (E2)	1
		
		
		
om.		
257		
Pourcentage : 29.472477064220183		
Nb de leçons en commun avec C2 :34		
Nb de lieux variants en commun avec C2 :35		
		
Nb de leçons en commun avec C3 :23		
Nb de lieux variants en commun avec C3 :23		
		
Nb de leçons en commun avec D :85		
Nb de lieux variants en commun avec D :87		
		
Nb de leçons en commun avec G1 :80		
Nb de lieux variants en commun avec G1 :90		
		
Nb de leçons en commun avec M1 :50		
Nb de lieux variants en commun avec M1 :59		
		
Nb de leçons en commun avec N :66		
Nb de lieux variants en commun avec N :76		
		
Lemme 		
si	19	
i	12	
de	12	
li	11	
a	7	
il	7	
et 	6	
tout	5	
molt	5	
ce	4	
je	4	
ne	4	
en	4	
se	3	
la	3	
devant	3	
seinz	3	
sa	2	
les	2	
bone	2	
encore	2	
ja	2	
por	2	
tot	2	
grant	2	
tant	2	
qe	2	
lor	2	
foles	2	
Un autre miracle	2	
nos	2	
seint	2	
Et	2	
un	2	
mout	2	
Mes	2	
toz	2	
le	2	
mal	1	
aua bien	1	
es escriptures (#C2 #C3 #D)	1	
toutes	1	
vint	1	
a la court	1	
tote	1	
seinte	1	
si li dist	1	
trespercerai	1	
delde pais	1	
plus	1	
Seinz Martins lileur respondidist q'il estoit crestiens. Et cil li		
                  demanda s'il avoit poor et s'il ertestoit en grant dotancedoteen paour et en doutance	1	
aprés ce vint	1	
fu	1	
et preudome	1	
de la vile	1	
tenir neet	1	
d'parune voie	1	
a lui	1	
erent	1	
venue	1	
Et chascuns tient a grant savoir. Que la ouonu on doit doner souvent. Doinst a chascun pou ou noient. Mes je vous di que mal esploite. Qui tout a retenir couvoite, Car morir couvient en la fin. Qui souvendroit de seint		
                          Martin. Et qui ses voies ensivroit. Ja certes avers ne serroit. Ne n'auroit en lui felonie. Ne mauvestié ne vilonie. Si en devroit bien sovenir: A tous ceus qui cuidentdoivent morir. Mes autresas autres ne le dïentdi je mie. Qi la mort tienent a folie. NeEt qui ne cuident ja finirmorir. Ne de cestce siecle departir. 	1	
qe je ne vos die	1	
de la contree	1	
qe ce vint a unau jor	1	
Si com seinz Martins resuscita un		
              mort	1	
qi venoit	1	
Si vit	1	
qe ce fust autre chose, car il cuidaquida et crut	1	
q'il	1	
conmença li uns l'autre a esgarderregardera regarder	1	
granz	1	
de paiens	1	
ouel temple	1	
Si com il ardi un templeun temple de paiens	1	
estoient	1	
et sauvee	1	
Si com il abati un temple	1	
et tuit cil	1	
Et si comla ou il gisoitgisoit a terre	1	
estoit	1	
vint avers lui	1	
et atendoientatendirent	1	
Si com il delivra le serjant au conselle	1	
Adonc	1	
en sa meson	1	
par	1	
par	1	
de quanq'il pot	1	
Si com il chaça le deable hors d'une		
              meson	1	
Uns miracles de seint Martin	1	
et distregehisli distjehi	1	
et fors de doutance	1	
Uns autres miracles	1	
qi	1	
avint	1	
Uns autres miracles	1	
entree	1	
Si com il rendi a un home son oel 	1	
puis	1	
Si com il cheï del cenailldou cheval	1	
pleniere	1	
porter	1	
Tel signorie et tel hautescesi grant bien et si grant hautescheet si grant bien et si grant haultece Qe nus deviser nel sauroitporroit, Ja tant ne s'en entremetroitChertes bon porçachier feroit Riches, povresRiche et povre conmunement. Qiqu'il a celtel esjoïssement. Peüssent venir sanz desfense. Et cil qi la venir ne penseparvenir n'i pense. Estil est certesentrés en molt male voie,  Car li deables le desvoie. Qi oaavec lui est soir et matin. Qi la vie ot de seint		
                          Martin, Aucun bien en doit		
                        retenir,  Car del bien doit bien sovenir. Le mal doit l'en lessier aler. Ce oiai oï sovent dire et conter. Qe del bien doit nestresieut venir li biensseut li biens venir,  Del mal le malli maus as ancïensne puet fallir. Ne vos en sai plus qe retraire. BuerBien fu nés qi le bien puet feire,  Car Dex l'aime, mon essïent. 	1	
trestoz	1	
si granz	1	
veoir	1	
li deables	1	
malveses	1	
et leissoient	1	
q'il dist	1	
te	1	
et molt blanchede grant blanchorde grant dolçor	1	
tant	1	
aprés	1	
et cele parole	1	
laver	1	
ne li feus	1	
mie	1	
ce q'il morust	1	
de sa fin	1	
et chaçoient	1	
fet	1	
qe leiz ne	1	
tuit	1	
premiers	1	
avoir	1	
dementieresendementresendementiers q'il fuert en vievivoit	1	
de Poitiers	1	
dont	1	
Qi del trestottot nos assegureraseüreen asseüre. Et qi la verité en dist, 	1	
Tout ausisitot si com SevrinsSeverius l'escrist. 	1	
Qi sa vie nos a retrete. ElDelDe latin qi molt bien l'a feteen romans bien faite. Au tiesmoing ceus qi l'ont leüeseüe. Et tote oïe et entendue.	1	
chose	1	
evesque	1	
toute	1	
a ces paroles	1	
Si comLa ou il estoient en cele doutance	1	
blans	1	
et il li demanderent qi ilq'il estoit	1	
venuz	1	
et misentle mistrent	1	
		
		
		
Leçons d'ordre sémantique (426)		
Pourcentage : 48.853211009174316		
Nb de leçons en commun avec C2 :61		
Nb de lieux variants en commun avec C2 :76		
		
Nb de leçons en commun avec C3 :33		
Nb de lieux variants en commun avec C3 :41		
		
Nb de leçons en commun avec D :155		
Nb de lieux variants en commun avec D:177		
		
Nb de leçons en commun avec G1 :80		
Nb de lieux variants en commun avec G1 :148		
		
Nb de leçons en commun avec M1 :66		
Nb de lieux variants en commun avec M1 :126		
		
Nb de leçons en commun avec N :70		
Nb de lieux variants en commun avec N :150		
		
Lemme 	Leçon	
en	a (C2 D E2 M1 N)	9
ensus	hors (E2)	9
si	et (D E2)	9
q'il	que (E2)	8
a	en (E2 N)	8
li	si (C3 E2)	6
la	les (D E2)	5
si	qu'il (E2)	5
de	pour (E2)	4
s'a	se (E2)	4
de	des (C2 C3 D E2 M1 N)	4
l'en	le (E2)	3
q'il	qui (E2 G1)	3
defors	dehors (E2 G1)	3
i	il (C3 D E2 G1 M1 N)	3
removoir	remuer (D E2)	3
sa	la (E2)	3
del	de (C2 E2 N)	2
Adonc	dont (E2)	2
de	au (E2)	2
rien	chose (E2)	2
venir	avenir (E2)	2
si	et si (D E2)	2
n'ot	non (D E2 G1)	2
la	cele (E2)	2
ensamble	ensemble o lui (D E2)	2
ce	cel (G1 E2)	2
si	li (E2)	2
vers	envers (E2)	2
estoit	l'avoit (E2)	2
deguerpir	guerpir (E2 M1 N)	2
l'avoit	avoit (D E2 M1 N)	2
doute	doutance (E2 N)	2
el	on (E2)	2
departi	parti (C3 D E2 G1)	2
Si	qi (D E2)	2
averont	auront (C3 D E2)	2
conme	si conme (E2 M1 N)	2
Conde	Tonde (E2)	2
n'en	ne (E2)	2
a	o (E2)	2
dementieres	dementres (E2)	2
De .seint. Martin	Ci conmance la vie monseigneur saint Martin qui fu arcevesques de Tours	
                et puis emprés ses miracles ensuianz (E2)	1	
la mort	la mort vient (E2)	1
poindera	prendra (D E2 G1 M1)	1
en tel maniere	ci (E2)	1
q'il les enmeine	qui les enmeine (C3 E2 G1 M1 N)	1
Pannone	Pantione (E2)	1
Ysabbarie	Ysapharie (E2 G1 M1 N)	1
covoita	conmença (E2 G1 N)	1
mener	amer (E2)	1
chevaliers	chevaliers fez (D E2)	1
pitié	bonté (E2)	1
si ert il si douz et si pius	si ert il dolz et pius (C3 D E2 M1 N)	1
c'on en lui veoit	qu'il avoir en lui (E2)	1
mie	mie encore (E2)	1
parvindrent	vindrent (E2 G1 M1 N)	1
derrieres	derrains (D E2)	1
a desmesure	et desmuserable (E2)	1
partie	moitié (E2 M1 N)	1
regardast et coneüst	coneüst et esgardast (E2)	1
Vangione	Angione (E2)	1
estoit costume	estoit acostumé (C2 D E2 M1)	1
vit	viut (E2)	1
serai	feré (E2)	1
segniez	signes (E2)	1
volenté	vertu (C2 D E2)	1
entre	encontre (E2)	1
prova	esprouva (D E2)	1
a	pres de (E2)	1
le	l'en (E2 M1)	1
liu trestorné	destour (E2)	1
trespassé	passé (C2 C3 D E2 G1 M1 N)	1
seinz	saint home (E2 G1 M1 N)	1
seinte loy	la sainte loi (D E2)	1
secce	semence (E2)	1
laidengierent	lesdengoient (E2)	1
celui	lui (E2)	1
mie	pas (D E2)	1
rot	ot (C2 C3 D E2 G1 M1 N)	1
un jour	une fois (E2)	1
torna	ala (E2)	1
si estoit	s'estoit (C2 C3 D E2 G1 M1 N)	1
li seinz hom	saint Martin (E2)	1
qiavec qui la estoient	de la meson (E2)	1
Rurtius	Rutius (E2)	1
l'eslection	election (E2)	1
as evesqes	a l'evesque (E2)	1
li	en lui (C2 D E2)	1
en abit	en l'abit (C2 C3 D E2)	1
La	Sa (E2)	1
deciple	si desciple (D E2 N G1 M1 N)	1
l'amoient	amoient lui (D E2 N G1 M1)	1
estoient	avoient (D E2)	1
poil	soie (C2 D E2 G1)	1
por plus (#C2 #C3 #D #M1)	plus (C1 E2 G1 N)	1
eüssent	fesoient (E2)	1
des	d'eus (C2 D E2 M1 N)	1
trestot	tout (E2)	1
empriés	aprés (E2 G1 M1)	1
Miracles de seint Martin	Ci conmancent les miracles saint Martin que nostre Sires fesoit pour	
              lui (E2)	1	
iluec	i (E2)	1
prestres	pasteurs (E2)	1
seüst fere	eüst fete (C2 D E2)	1
priveement	tout priveement (D E2)	1
o lui	ensemble o li (C2 C3 D E2)	1
ooient	oïrent (D E2)	1
biere	litiere (C2 C3 D E2)	1
environ	parmi (E2)	1
porrent	pooient (E2)	1
se porpensoient	penssoient (D E2)	1
comportoient	portoient (E2)	1
d'oster	de lever (E2)	1
li hom	li seinz hom (C3 D E2 G1 M1 N)	1
et droit et lonc	et droit (C2 C3 E2)	1
le temple aidié	aidié le temple (E2)	1
il ne li voloient mie	por ce ne vouloient il mie (E2)	1
a trenchier	apreschier (E2)	1
lui	nullui (E2)	1
s'il	cil (E2)	1
rieng	nule rien (D E2 N)	1
et sanz doutancedoute	le cuer et le courage (E2)	1
seinte	vraie (E2)	1
retorna	torna (E2 M1)	1
pou	un poi (E2 G1 M1 N)	1
esgarder	eus garder (D E2)	1
destruisoit	establissoit (E2)	1
establissoit il et faisoit	il destruisoit ceulz des paiens et tous les temples et fesoit (E2)	1
creoient	tenoient (D E2)	1
errant	errament (C2 D E2 G1 M1 N)	1
treoit	crioit (E2)	1
garantie	garie et salvee (E2 M1)	1
des	es (E2)	1
li seinz hom	seinz Martins (C2 D E2)	1
granz	grandismes (D E2)	1
entrepris	empris (E2)	1
totes	trestous (E2)	1
despire	destruire (E2)	1
evesqe	preudome qui evesque estoit (E2)	1
arriere	a terre (C2 D E2)	1
creance	la creance (E2)	1
celui	cestui (D E2)	1
en un	el (C2 E2)	1
guisse	eglise (C2 E2)	1
environ	entour (E2 G1 M1 N)	1
le	son (E2)	1
li coutres	et li coutres (C2 D E2)	1
Par	Et par (E2)	1
de verité	de Dieu et de vérité (E2)	1
reqerre	querre (E2)	1
la	sa (E2)	1
q'il	que ce (D E2)	1
serz	saint hom (E2 G1)	1
cels	a cels (D E2 G1)	1
dist	li dist (D E2)	1
terme	tans (D E2)	1
la	une (D E2)	1
se	s'en (D E2 G1 N)	1
furent	en furent (C2 C3 D E2 G1)	1
el	ou (E2)	1
meson	mesnie (D E2 G1 M1 N)	1
vint	vit (E2)	1
poesté	pooir (E2)	1
trest	retrest (C2 D E2)	1
sor	devant (E2)	1
oiant	voiant (E2)	1
receüe	recouvree (D E2)	1
seinz	haus (E2)	1
Arborius	Abrius (D E2)	1
cel	tel (E2)	1
adolee	atournee (E2)	1
cuidoit	cuidoit ja (D E2)	1
maladie	grant maladie (E2)	1
Arborius	Arbrius (D E2)	1
la vesteüre	l'abit (E2)	1
toucha	atoucha (E2 D G1 M1)	1
son oel	a son oel (D E2 M1 N)	1
fu	si fu (C2 D E2)	1
plus	au plus (D E2 G1)	1
del	d'un (E2)	1
eü	receü (E2)	1
m'en	me (E2)	1
contrees	parties (E2)	1
ançois q'il	ne mie (E2)	1
table	sa table (E2 G1 M1)	1
en	ne en (E2)	1
pluiseurs	tiex (E2)	1
regne	roiaume (E2)	1
ot	sot (E2)	1
cel	l' (E2 G1)	1
si grant joie l'en crut	il en ot si grant joie (E2)	1
meintenant	tout maintenant (E2)	1
s'assist	se sist (E2)	1
honorer	honorer et servir (E2)	1
premier	primerain (C2 C3 D E2 M1 N)	1
donast	baillast (E2)	1
q'	com (C2 C3 D E2 M1 N)	1
com	si com (D E2)	1
comans	conmandemenz (C2 C3 D E2)	1
joie	grant joie (D E2)	1
tel	grant (D E2)	1
maniere	merveille (E2)	1
desirroit molt a aler 	disoit qu'il iroit et molt en avoit grant desirrier (C2 D E2)	1
Severus	Serenus (E2)	1
Maximiens	Maximes (D E2 M1 N)	1
tost	tantost (D E2)	1
meintes choses	molt de choses (E2 M1 N)	1
corrociez	tourmentés (E2)	1
reconta	conta (E2 G1 M1)	1
aler	a aler (E2)	1
li demanderentdemandoient	avec estoient (E2)	1
jou	limon (E2)	1
freres	moinnes (E2)	1
conté	raconté (E2)	1
movoit	esmouvoit (D E2 N)	1
reconvertiz	entre converti (E2)	1
respondoit	respondi (C2 E2)	1
purgier	espurgier (E2 G1 N)	1
devant issu	devant sailli et eissu (C2 D E2)	1
avin	dist (E2)	1
O	Or (E2 G1)	1
com	conment (E2)	1
estoit	est (E2)	1
envers	vers (E2)	1
merite	vie et de bonne merite (E2)	1
avint	covint (E2)	1
molt volentiers celui	celui volentiers (E2)	1
par ce il	par ce qu'il (C2 C3 E2 G1 M1 N)	1
seinz hom	bons homs (E2)	1
habitoit	estoit (E2)	1
meintes	moltes (C2 C3 D E2)	1
si c'on	si conme l'en (E2 G1)	1
encontre	en contençon (E2)	1
demostrast	moustrast (E2 G1)	1
mostrer	demorer (E2)	1
recomencierent	conmencierent (E2 G1 M1 N)	1
avienent	amenerent a bon chief (E2)	1
Rufus	Refus (D E2)	1
raconterent	racontent (C2 D E2)	1
premiers	premereins (C2 C3 D E2 M1 N)	1
Je sui  Crist	Jhesu Crist (C2 D E2)	1
je sui Crist	je suis Jhesu Crist (E2 G1)	1
fumiere	fumee (D E2 G1)	1
ja (#C3)	ije (C1 C2 D E2 G1 M1 N)	1
les	nos (E2 G1)	1
encontre	contre (E2 G1 N)	1
feire	fere a nous (E2)	1
ne sousfrisse	a fere (D E2)	1
des	des cors aus (D E2)	1
costume	acostumé (E2 G1 M1)	1
tenvene	tendre (D E2)	1
male aise	malese (E2)	1
deseur	seur (E2 M1 N)	1
esprist el fuerre	prist on fuerre (E2)	1
car il	car il estoit en freeur et (C2 D E2)	1
qe	si que (D E2)	1
signum crucis	le signe de la croiz (D E2 G1)	1
autre	nul (E2)	1
qe feïssent	ne plus que (E2)	1
roses	rousees (C2 C3 D E2 N)	1
parmenable	pardurable (E2)	1
grant piece le tens	grant piece devant le temps (E2)	1
devoit	deüst (E2)	1
lonc tens	longuement (E2 G1 M1 N)	1
bon	bien (E2)	1
c'est	ce (E2)	1
maniere	martire (E2)	1
et si	ainsinc (E2)	1
desertes	diverses (C2 D E2 G1)	1
arrester	n'arester (E2)	1
humeins cors	cors humains (E2)	1
oiseaus	eulz (E2)	1
conmander	conmendement (E2)	1
faillir	deffaillir (C2 D E2 G1)	1
entor	environ (C2 C3 D E2)	1
si dist	et si leur dist (C2 D E2)	1
aemplir	acomplir (E2 G1 N)	1
terre	terre non (E2)	1
desoz lui metre	metre en son lit (E2)	1
s'en ira	s'en vait (D E2 G1)	1
li seinz	li serjanz (E2)	1
resplendissoit	resplandissanz (E2)	1
mostroit	se monstra (E2)	1
surrection	resurrection (D E2 M1)	1
demenoient	i demenerent (E2)	1
plenierement	plainement (E2)	1
tençon	contençon (D E2 G1)	1
une grant tençoncontençontencela contençon granz et une discencionune grant tence et une grans discordeune grans tence et une grans tens et une grans		
                    discentions leva	si i ot une grant contençon (E2)	1
nous ena nous lessiez	vous en lessiez a nous (E2)	1
trestotes	toutes (E2)	1
clamer	avoir (E2)	1
nul	un seul (C2 D E2 G1)	1
assamblé	tuit assemblez (C2 D E2)	1
aval	contreval (E2 G1 M1 N)	1
de Viane	du rivage (E2)	1
Loire	Laire (E2)	1
li Poitevin	cil de Poitiers (E2)	1
departir	partir (E2)	1
tornerent	retornerent (E2)	1
Gracien	Gacien (C2 C3 D E2 N)	1
trespassement	trespassant (E2)	1
l'escriture	escriture (E2)	1
le cuer de l'eglyse	l'yglise (E2)	1
entendoit	n'entendoit (C3 D E2 G1 M1)	1
releverent	leverent (D E2 G1)	1
premiers	premierement (D E2)	1
eures	l'eure (E2)	1
trestot	de tout (E2)	1
siecles	regnes (E2)	1
del cors	monseigneur (E2 G1)	1
eslevez	esleuz (C2 C3 D E2 G1)	1
beneïr	beneistre (D E2)	1
a	et a (C2 C3 D E2)	1
le	lei (E2)	1
le	lai (E2)	1
sorent	se sorent (C2 C3 D E2 G1)	1
Et	En (E2)	1
revellierent	veillierent (D E2)	1
car	par ce que (D E2)	1
remueve	remut (D E2)	1
s'asistrent	s'asentirent (D E2 G1)	1
si i furent tresq'au tierz jorjusques au tiers	tresqu'au tiers jour et furent (E2)	1
jeunes	ymnes (D E2)	1
qart	tierz (C2 D E2)	1
manderent	demanderent (C2 C3 D E2 G1)	1
n'en	ne le (E2)	1
et qe	et ce que (C2 D E2)	1
