Nb de leçons divergente entre l'édition et témoin :1818		
Nb de leçons en commun avec C2 :74		
Nb de lieux variants en commun avec C2 :101		
Nb de leçons en commun avec C3 :45		
Nb de lieux variants en commun avec C3 :64		
Nb de leçons en commun avec D :170		
Nb de lieux variants en commun avec D :236		
Nb de leçons en commun avec E2 :208		
Nb de lieux variants en commun avec E2 :295		
Nb de leçons en commun avec G1 :294		
Nb de lieux variants en commun avec G1 :512		
Nb de leçons en commun avec M1 :200		
Nb de lieux variants en commun avec M1 :369		
		
Nb de leçons en commun avec N :230		
Nb de lieux variants en commun avec N :419		
		
ajout		
54		
Pourcentage : 2.9702970297029703		
Nb de leçons en commun avec C2 :3		
Nb de lieux variants en commun avec C2 :5		
		
Nb de leçons en commun avec C3 :1		
Nb de lieux variants en commun avec C3 :2		
		
Nb de leçons en commun avec D :7		
Nb de lieux variants en commun avec D :10		
		
Nb de leçons en commun avec E2 :10		
Nb de lieux variants en commun avec E2 :14		
		
Nb de leçons en commun avec G1 :4		
Nb de lieux variants en commun avec G1 :12		
		
Nb de leçons en commun avec M1 :2		
Nb de lieux variants en commun avec M1 :10		
		
Nb de leçons en commun avec N :3		
Nb de lieux variants en commun avec N :13		
		
Lemme 	leçon	
plus	et plus (F2)	1
l'oneroient	l'amoient et honnouroient (F2)	1
de	q'il mengeroit (F2)	1
peüssent	li peüssent (F2)	1
le	il le (F2)	1
poor	granz paour (F2)	1
a	a la (F2)	1
molt	puis molt (F2 G1 M1 N)	1
a sa mere	a son pere et a sa mere (E2 F2)	1
batirent	le batirent (F2 N)	1
tenz	temps aprés (F2)	1
seinte	molt seinte (F2)	1
serjanz	serjant de liens (F2)	1
estranglez	estranglez et pendus (F2)	1
li	toz les (C2 D E2 F2)	1
gisoit	mort gesoit (F2)	1
la	devant le temple (F2)	1
abatist	abatist du tout (F2)	1
moine	moine qui compaingnon saint Martin estoient (F2)	1
l'aemplist	aemplist l'euvre qu'il avoit conmencie (F2)	1
evesqe	home qi evesques estoit (D F2)	1
foi	la foi (E2 F2)	1
tormentoit	tormentoit molt (F2 M1)	1
fuies	fuie devant lui (F2)	1
cuidoit	cuidoit ja (D E2 F2)	1
greveroient	greveroient il riens (F2)	1
ensamble o	et mena aveques lui (F2)	1
seüst	seüst il (C2 C3 D E2 F2 G1)	1
par ses aguaiz	par ses engins ne par ses agués (E2 F2)	1
avoit	i avoit (F2)	1
Clarus	qui Clarus (F2)	1
compaignie	sa compaignie (F2)	1
ot	li ot (F2)	1
dist	li dist (F2)	1
tres	molt tres (E2 F2)	1
vint	ce vint (C2 D E2 F2 G1)	1
aucuns	a aucun (F2)	1
croire	croire ce (F2)	1
fu	fu au premier (F2)	1
car	et sachiez que (F2)	1
chaleur	chaleur qu'il ne li souvint d'ourer (F2)	1
ala	ala la (F2)	1
pissonniaus	les poissons de ce fleuve (F2)	1
oisel	oisel d'ilec (F2)	1
Il	Et il (F2)	1
disoit	leur disoit (D E2 F2 G1 N)	1
vit	i vit (F2)	1
qe por leson seint cors qi jala estoit gloirefiez. lor sambla		
                  q'il virent gloirejoie parmenable	que que qant il fu mors (F2)	1
clarté	clarté mondaine (F2)	1
com seint Martin	conme saint Martin estoit (F2)	1
l'ame	la sainte ame (F2)	1
ensamble o	et avec (F2)	1
le Signor	notre Seignor Jhesu Crist (F2)	1
et 	et qant (D E2 F2)	1
		
casAbs		
7		
Pourcentage : 0.385038503850385		
Nb de leçons en commun avec C2 :1		
Nb de lieux variants en commun avec C2 :1		
		
Nb de leçons en commun avec C3 :1		
Nb de lieux variants en commun avec C3 :1		
		
Nb de leçons en commun avec D :1		
Nb de lieux variants en commun avec D :1		
		
Nb de leçons en commun avec E2 :2		
Nb de lieux variants en commun avec E2 :2		
		
Nb de leçons en commun avec G1 :1		
Nb de lieux variants en commun avec G1 :3		
		
Nb de leçons en commun avec M1 :0		
Nb de lieux variants en commun avec M1 :1		
		
Nb de leçons en commun avec N :0		
Nb de lieux variants en commun avec N :1		
		
Lemme 	leçon	
l'empereor	de l'empereor (F2)	1
Jesu Crist	de Jhesu Crist (F2)	1
Venus	de Venus (F2)	1
seint Martin	de saint Martin (F2)	1
seint Martin	de seint Martin (C2 C3 D E2 F2)	1
nostre Signor	de nostre Seigneur (F2)	1
		
erreur		
9		
Pourcentage : 0.49504950495049505		
Nb de leçons en commun avec C2 :0		
Nb de lieux variants en commun avec C2 :0		
		
Nb de leçons en commun avec C3 :0		
Nb de lieux variants en commun avec C3 :0		
		
Nb de leçons en commun avec D :0		
Nb de lieux variants en commun avec D :0		
		
Nb de leçons en commun avec E2 :0		
Nb de lieux variants en commun avec E2 :0		
		
Nb de leçons en commun avec G1 :0		
Nb de lieux variants en commun avec G1 :0		
		
Nb de leçons en commun avec M1 :0		
Nb de lieux variants en commun avec M1 :0		
		
Nb de leçons en commun avec N :0		
Nb de lieux variants en commun avec N :0		
		
Lemme 	leçon	
prendre	penre (F2)	1
toloit	toloit toloit (F2)	1
ne foi	ne foi ne foi (F2)	1
je	je je (F2)	1
		
inv.		
50		
Pourcentage : 2.7502750275027505		
Nb de leçons en commun avec C2 :6		
Nb de lieux variants en commun avec C2 :7		
		
Nb de leçons en commun avec C3 :2		
Nb de lieux variants en commun avec C3 :3		
		
Nb de leçons en commun avec D :14		
Nb de lieux variants en commun avec D :15		
		
Nb de leçons en commun avec E2 :15		
Nb de lieux variants en commun avec E2 :21		
		
Nb de leçons en commun avec G1 :10		
Nb de lieux variants en commun avec G1 :16		
		
Nb de leçons en commun avec M1 :6		
Nb de lieux variants en commun avec M1 :11		
		
Nb de leçons en commun avec N :6		
Nb de lieux variants en commun avec N :11		
		
Lemme 	leçon	
et de par mere et de par pere	et de par pere et de par mere (D E2 F2 G1 M1 N)	1
fu il	il fu (F2)	1
enfanz avoient: chevaliers les		
                feïssent.	avoient enfanz les feïssent chevaliers (E2 F2)	1
vit seinz Martins qui venoit derrieresderrains	saint Martin qi venoit derrieres vit (F2)	1
molt hardiement seinz Martins	saint Martin molt hardiement (F2)	1
Li empereres, qant il oï ce	Qant li empereres oï ce (D E2 F2 N)	1
alast desarmez ena la bataille	en bataille desarmez (F2)	1
s'en ala seinz Martins	saint Martin s'en ala (F2)	1
li respondi seinz Martins	saint Martin li respondi (F2)	1
s'esvanui li deablesanemis de devant lui	de devant lui li deables (D E2 F2)	1
esté loncgrant tenspiece	lonc temps esté (F2)	1
graces a rendre	a rendre graces (E2 F2 G1)	1
de seint Martin li premerainspremiers miracles	le premier miracle seint Martin (C2 D F2)	1
ce oï li seinz homsaint Martin	saint Martin oï ce (F2)	1
ala tresqjusquesdusque'au porcheporte de la meson ensamble oavec le seint home	ala avec lui dusqu'au porche de la maison (F2)	1
devant avoit	avoit devant (D E2 F2 G1 M1 N)	1
adés en orissonsen orison et en proieres	en oroisons adés (F2)	1
eüssentfeïssentfesoient bien	bien feïssent (F2)	1
avoir empriésaprés	aprés avoir (F2)	1
clarté et lumiere	lumieres et clarté (F2)	1
ne savoient il nule choseriennule verité	il n'en savoient rien (F2)	1
encore mieentendu	mie encore (E2 F2)	1
s'orisson a nostre SignorDieu a feire et a dire	a faire s'orison a Dieu et a dire (F2)	1
le cors a terrejusjus a terre	jus le cors (F2)	1
a lor dexlour sacrefice	sacrefices a leur diex (F2)	1
sosfrir l'arbre a abatre	l'arbre soffrir a abatre (C2 D E2 F2)	1
en tel maniereainssi li desfendoient a trenchierapreschiera trenchier le desfendoientli deffendoient a couper	li defendoient en tel maniere (F2)	1
celtel temple depecier par sa force	par force cel temple despecier (F2 G1)	1
un pou en la bouche dea la puceledemoisele	en la bouche de la pucele un pou (D E2 F2)	1
celsa celsles gens qi l'aproçoient as denzdens eskignes	aus dens a ceus qui l'aproçoient (F2)	1
tost tenist	tenist tost (D E2 F2)	1
ot victoire eüe	ot eu victore (F2)	1
ai je	j'ai (F2)	1
toz li leus se movoitesmouvoitouli liex ou il estoient	tous li lieus ou il estoient se mouvoit (F2)	1
fu ele	ele fu (C2 D E2 F2 G1 M1)	1
li frere et Clarusfrere Clarus	Clarus et li frere (F2)	1
mostrerdemoustrerdemorerdemener devant lui	devant lui moustrer (F2 M1 N)	1
precieuses pierres	pierres precieuses (D E2 F2 G1 M1 N)	1
secré leu	lieu secret (F2)	1
avoir voloient	voloient avoir (F2)	1
enversdevant nos avoir	avoir devant nous (F2)	1
Lidorius apelez	apellez Lidorius (F2)	1
mie encore	encore mie (C2 C3 D F2 G1 N)	1
a terre ambedui	ambedui a terre (F2 G1 M1)	1
a Tors un message	un message a Tours (F2)	1
aclinéenclin seur le seint autel	seur l'autel encliné (F2)	1
tuit puissons	puissions tuit (C2 D E2 F2)	1
voisins evesqes	evesqes voisins (C2 C3 D E2 F2 G1)	1
li prestretuit li prestre aussi qi la estoient et li vesqe	et li evesque et li prestre qui la estoient (F2)	1
en escripture a metre	a metre en escripture (D E2 F2 G1)	1
		
plur.		
13		
Pourcentage : 0.7150715071507151		
Nb de leçons en commun avec C2 :0		
Nb de lieux variants en commun avec C2 :0		
		
Nb de leçons en commun avec C3 :0		
Nb de lieux variants en commun avec C3 :0		
		
Nb de leçons en commun avec D :0		
Nb de lieux variants en commun avec D :1		
		
Nb de leçons en commun avec E2 :2		
Nb de lieux variants en commun avec E2 :2		
		
Nb de leçons en commun avec G1 :0		
Nb de lieux variants en commun avec G1 :1		
		
Nb de leçons en commun avec M1 :1		
Nb de lieux variants en commun avec M1 :1		
		
Nb de leçons en commun avec N :5		
Nb de lieux variants en commun avec N :5		
		
Lemme 	leçon	
son example	ses exemples (F2)	1
de gent	des genz (E2 F2)	1
leu	lieus (F2)	1
estoit venue	estoient venu (F2 N)	1
fu	furent (F2 N)	1
fust	fussent (E2 F2)	1
au prestre	aus prestres (F2)	1
lieve	lievent (F2)	1
couce	couchent (F2)	1
le crestien	les crestiens (F2)	1
le	les (F2 N)	1
crestien	crestiens (F2 N)	1
l'oï	les oï (F2 M1 N)	1
		
red.		
49		
Pourcentage : 2.695269526952695		
Nb de leçons en commun avec C2 :1		
Nb de lieux variants en commun avec C2 :4		
		
Nb de leçons en commun avec C3 :1		
Nb de lieux variants en commun avec C3 :2		
		
Nb de leçons en commun avec D :1		
Nb de lieux variants en commun avec D :4		
		
Nb de leçons en commun avec E2 :2		
Nb de lieux variants en commun avec E2 :9		
		
Nb de leçons en commun avec G1 :5		
Nb de lieux variants en commun avec G1 :17		
		
Nb de leçons en commun avec M1 :5		
Nb de lieux variants en commun avec M1 :17		
		
Nb de leçons en commun avec N :4		
Nb de lieux variants en commun avec N :16		
		
Lemme 	leçon	
tuit cil qi devant lui passoientaloientle povre passoient	il (F2)	3
comença il a aler	et aloit (F2)	1
si ert il si douz et si pius	et fu de si bone vie (F2)	1
n'avoient fait au povre home nul bienn'avoient nul bien fait au povre homene faisoient nul bien au povre homene li faisoient nul bien	n'avoient rien donné (F2)	1
rafubla et mist entor soilui	remit (F2)	1
se pleinstrent et gemirent	gemirent (F2 M1 N)	1
vestuz estoitestoit vestuz et affublez	estoit affublé (D E2 F2)	1
trova bien et provaesprouva	esprouva bien (F2)	1
si esgarderentregarderent a grant merveille celui qe il veoient	et virent celui (F2)	1
n'avoit se pou non devantde tensdedens sans vie	mort (F2 M1)	1
de plor et de crigrant plour et grant noise: et de pleintede plainte et de dolour qe gent i demenoient	liens (F2)	1
en la meson	la (F2)	1
se coucha en orissons et fist ses proieres a nostre		
                Signor	conmença a ourer (F2)	1
dignes de l'eveschiéde l'arceveschiédes eveschés	eveques (F2)	1
Lietet li pluiseur de ses freres qi deciplesi desciple	et si desciple (F2)	1
einz disoient tuit cil qi ancieniluec estoient	chascun dist (F2)	1
et droit et lonc	et droit (C2 C3 E2 F2)	1
les torbesla torbe desde genzgenz sarrazines	li paien (F2)	1
tote la torbe des paiens	tuit li paien (F2)	1
clinoit plus et pendoit	pendoit plus (F2)	1
nus leus en la terre ou il eüst chastel ne		
                vile	chastel ne vile en la terre (F2)	1
establissoit il et faisoit	faisoit (F2)	1
l'assembleela communité des paiens	li paiens (F2)	1
sa celleson habitacle .et a son		
                mostier	son mostier (F2)	1
si debrisale debrisa et destruist	le destruist (F2)	1
qi fust si	si (F2)	1
respondi seinz Martins. et si distli dist	sainz Martins dist (F2)	1
atornez a foisainte foi ne a seinte creance	crestiens (F2)	1
toz tens apréspuis touz tanztous jors puis cel di ensivi il par bones exemples et par bones oevres seint Martin de quanq'il pot toz les jorz de sa vie	et fu puiz de molt sainte vie (F2)	1
molt dolant et mout tristre	molt dolant (F2 G1)	1
la chariole, ce est la coroie	la courroie (F2 M1 N)	1
se tresmuoit il et aparoit	s'aparut (F2)	1
sauroiz vos et conisteroiz	connoistrez vous (F2)	1
bel viaire et de cler	cler le viaire (F2)	1
fesoit molt grant froidure	faisoit froit (F2 G1)	1
josteencoste le fu firent ilsi firent un beaumolt biau lit de fuered'estrain a oéspour l'evesqe	li firent un biau lit (F2)	1
la fermeüre desfermer del huis	defermer huis (F2)	1
contrester a cel peril	eschaper (F2)	1
q'il devoitdeüst morir. devant ce q'il morustsa mort	ce qu'il morust qant il devoit morir (F2)	1
l'en ne poroitpooit mie croiredire ne reconter com grans	molt de (F2)	1
i furent les celestieles ymnes a hautes voiz dites et chanteeschantees pour l'ennor del seint home	qi chantent les ymnes por l'onneur du saint home (F2)	1
requerons nos et volons avoir	volons nous avoir (F2 G1)	1
qi de Poitiers estoient	de Poitiers (F2 G1 M1 N)	1
qi de Tors estoient	de Tors (F2 G1 M1 N)	1
s'en repairierenttornerent dolanz et confuz et tristres	furent confus (F2)	1
cil tuit	tuit (F2)	1
		
sing.		
9		
Pourcentage : 0.49504950495049505		
Nb de leçons en commun avec C2 :1		
Nb de lieux variants en commun avec C2 :1		
		
Nb de leçons en commun avec C3 :0		
Nb de lieux variants en commun avec C3 :0		
		
Nb de leçons en commun avec D :3		
Nb de lieux variants en commun avec D :4		
		
Nb de leçons en commun avec E2 :2		
Nb de lieux variants en commun avec E2 :2		
		
Nb de leçons en commun avec G1 :1		
Nb de lieux variants en commun avec G1 :1		
		
Nb de leçons en commun avec M1 :1		
Nb de lieux variants en commun avec M1 :1		
		
Nb de leçons en commun avec N :1		
Nb de lieux variants en commun avec N :2		
		
Lemme 	leçon	
estoient	estoit (F2 M1 N)	2
les empereors	l'empereor (C2 D E2 F2 G1)	1
les braz	le braz (D F2)	1
convertirent	converti (F2)	1
les jambes	la jambe (F2)	1
esmerveillierent	esmerveilla (F2)	1
avenissent	avenist (F2)	1
tieusces choses	cel chose (F2)	1
		
temps		
35		
Pourcentage : 1.9251925192519255		
Nb de leçons en commun avec C2 :0		
Nb de lieux variants en commun avec C2 :1		
		
Nb de leçons en commun avec C3 :0		
Nb de lieux variants en commun avec C3 :1		
		
Nb de leçons en commun avec D :4		
Nb de lieux variants en commun avec D :4		
		
Nb de leçons en commun avec E2 :4		
Nb de lieux variants en commun avec E2 :7		
		
Nb de leçons en commun avec G1 :3		
Nb de lieux variants en commun avec G1 :11		
		
Nb de leçons en commun avec M1 :4		
Nb de lieux variants en commun avec M1 :8		
		
Nb de leçons en commun avec N :5		
Nb de lieux variants en commun avec N :16		
		
Lemme 	leçon	
estoit	fu (F2)	4
erent	furent (F2)	4
regarderent	regarda (F2)	1
eüst	avoit (E2 F2 G1 M1 N)	1
cremirai	criem (F2 G1)	1
ertestoit alez	ala (F2)	1
estoient contreencontre lui issu	issirent encontre lui (F2)	1
vousist	vouloit (F2)	1
fust	ert (F2 G1 M1)	1
veoient	virent que (F2)	1
fust venuz	venist (F2)	1
arst	ardi (D E2 F2)	1
atendoient	atendirent (D F2)	1
tiesmoigne	tesmoingna (F2)	1
venuz ert	venus fu (F2)	1
avoit	ot (F2)	1
deguerpissoient	desgerpissent (F2)	1
ooit	oï (F2 N)	1
amenerent	menoient (F2)	1
essaioit	essaia (F2)	1
s'esleecierent	s'esleeçoient (D E2 F2 N)	1
doit bien a vos soffire	vos doit bien souffire (F2 M1 N)	1
n'avoient	n'orent (F2)	1
l'oceïssent	les occioient (F2)	1
voudrent	vouloient (F2)	1
avoit	eust (F2)	1
je	j'ai (D E2 F2 M1 N)	1
estoit	est (F2)	1
oïmes	avons oï (F2)	1
		
		
		
om.		
1005		
Pourcentage : 55.28052805280528		
Nb de leçons en commun avec C2 :26		
Nb de lieux variants en commun avec C2 :33		
		
Nb de leçons en commun avec C3 :19		
Nb de lieux variants en commun avec C3 :22		
		
Nb de leçons en commun avec D :63		
Nb de lieux variants en commun avec D :79		
		
Nb de leçons en commun avec E2 :78		
Nb de lieux variants en commun avec E2 :100		
		
Nb de leçons en commun avec G1 :179		
Nb de lieux variants en commun avec G1 :244		
		
Nb de leçons en commun avec M1 :99		
Nb de lieux variants en commun avec M1 :151		
		
Nb de leçons en commun avec N :133		
Nb de lieux variants en commun avec N :181		
		
Lemme 		
et 	52	
si	46	
il	24	
Et	9	
i	8	
la	8	
a	7	
mout	6	
ce	6	
molt	6	
Jesu Crist	6	
ne	5	
en	5	
de	5	
le	5	
ensamble	5	
se	4	
bien	4	
aprés	4	
toz	4	
grant	4	
meïsmes	3	
je	3	
li	3	
mis	3	
tout	3	
mie	3	
conté	3	
hom	2	
tres	2	
car	2	
ja	2	
li seinz hom	2	
et de deguerpirguerpir	2	
et	2	
Dont	2	
assemblez	2	
et entendoit	2	
qe	2	
lor	2	
onqes	2	
ou	2	
l'en	2	
hauz	2	
avint	2	
Un autre miracle	2	
encore	2	
nos	2	
sanz poor	2	
seinte	2	
et aïde	2	
destruire et 	2	
venuz	2	
et entendi	2	
cil	2	
Martins	2	
meintenant	2	
por	2	
en nule maniere	2	
seul	2	
tot	2	
seint	2	
De .seint. Martin	1	
et volentiers	1	
de bien faire n'a nul talent	1	
aua bien avoier :et 	1	
les oevres et 	1	
en totes lor vies	1	
rien	1	
et aiséassasé de l'avoir de cest siecle	1	
douçor	1	
d'angoisse et 	1	
richesces et avoirs	1	
avoir	1	
Ce fet li deablesanemi qi en tel maniereci les aen a laciez et priset pris en tele maniereet loiés. q'il les enmeinequi les enmeine en infer le grant chemin plenierle grant chemin plenier et la grant voie		
                    batue	1	
et par griez tormenzmartires: et par veilles		
                et par geunes	1	
toutes	1	
li seint confessorshome confes. et meesmement	1	
de la contree	1	
s'enfance	1	
et a ensivre	1	
et a aler en hermitage. et si eüst il faitce eüst il fait ançois, mes la jovenece de l'aage l'enle detint et retraistle fist atargierle detint et fist atargier: de ce q'il avoit		
                soventes foies en sa pensee	1	
Et ne por qant en sa jovenece	1	
en s'enfance	1	
docement	1	
les	1	
et ensamble o soiatout un serjant qi leles servoit tant seulementtant seulement qui le servoit	1	
et chevalierschevaliers fez	1	
si douza la court si dous et si debonaires et si humleshumbles estoit a totes genz q'il n'avoit en lui vice ne malvestiénule mauviestié: ne nule foliene felonniede nule felonie. En lui avoit amors enversvers ses compaignons. et douçour. et pitiébonté. et bonne et loiausdouce et debonaire etdolece et piue etbenigneté et charité. et pacience. et bone volenté. et humilité. si grant q'ele trespassoit tote l'umanitél'umilité humainne  de cest mondeavoit en lui	1	
et de bone atemprancebonn a atemprance	1	
par la grant simplece c'on en lui veoitqu'il avoir en luiqui en lui estoitque on veoit en lui	1	
par ce	1	
avoit il	1	
si ses conpaignons trestozsi veincuz: q'ilquique	1	
volentiers	1	
portoient signorie et reverencehonneur et seignorieamor et seignorie	1	
Et adonc encore n'ertn'estoit il miemie encore rengenerez de la seinte eveaigue de baptesme. et siensi feisoit il ne por qantet ensivoitet nepourqaunt si fesoit il les oevres qi delde baptesme devoient nestreestre	1	
C'est	1	
et  les chetiscartriers	1	
et norrissoit les besoigneus	1	
Et siainsi ne gardoit de ses solsolzdons neet de ses gages q'il avoit a court si come  chevaliers, fors tant solement com ilqu'il en avoit mestier le jor apor vivre, et l'autre departoit et donoit tout as povresdonoit as povres totdonnoit por Dieu as povres: et a cels qi en avoient mestiersoffraite et besoingsoffraite et besoigne et besoigneus estoient	1	
aemplissoit	1	
font oresal jour d'ui	1	
devenus	1	
ne sai combiencombien de tans	1	
et a rover	1	
ne misericorde	1	
donast	1	
aucune chose	1	
a desmesure	1	
et departies	1	
li seinz chevaliers	1	
q'il avoit chainte	1	
partie	1	
com il li avoientavoiet veü faire, nene ne n'avoient onqesonqes n'avoient povres revestuz	1	
li beneoizbons chevaliers	1	
nostre Sires	1	
com il fu baptiziezcrestienés	1	
seulement par nonpar non seulement: sanz autre oevreplus de chevalerie fere	1	
et a departir	1	
et livroisons	1	
partout la ou il estoient	1	
aporde venir a cele assemblee	1	
neet despenses	1	
et tes donsdeniers	1	
qe je la chevalerie deguerpisselesse et nonne mie por foi qe je aie enversen nostre SignorDieu nostre Signeur	1	
nostre Seigneur	1	
trespercerai	1	
assemblees	1	
delde pais	1	
qi adoncdont estoit evesqes de la cité. et qi mout estoitiert preudom et de seinteboine vie	1	
LaEt la vint il	1	
ena la fin qant il vit q'il entresait s'en iroitque otroier li convenoit, 	1	
sanz demorance	1	
tristres et dolenz, por ce q'il deguerpissoitse partoit de la compaignie seint Ylaire	1	
aprés cestiex choses	1	
larron et 	1	
et seisi	1	
et a tenir	1	
ensus	1	
Seinz Martins lileur respondidist q'il estoit crestiens	1	
cil li demanda	1	
et s'il ertestoit en grant dotancedoteen paour et en doutance	1	
et si fu atornez a vraie creancea vraie foi et a veraie creance	1	
Li	1	
en sa pensee	1	
et pluisors autres torna il a sauvementle salveté de lor ames	1	
aprés ce vint	1	
secce	1	
d'	1	
et mestre	1	
preudom	1	
DoncLors s'en repairaretorna illi sains hom	1	
qi la malvese loy ensivoienttenoient et ensivoientontmenoient	1	
Si demora entoravecilluec avec lui, por ce q'il voloit		
                estre ensigniez et apris de sala seinte doctrine	1	
annonciera Engiers anuncier et 	1	
la loy nostre Signor: as genz qi n'estoient mie fermementen ferme creanzen creancecreance	1	
vintce vint au tierz jor	1	
le cors de	1	
siqu'ilet si ertestoit  soudainementsi soudainnement morz	1	
qi le service fesoient tot em plorant	1	
bien sachiez q'	1	
et prodomes	1	
por l'amor nostrede nostre Signor et pour ensivre les oevres seint Martinles fez saint Martin et ses oeuvres, lor seintbonbeneoit pastor et lor bon pere	1	
de la ceailleloge	1	
de son frere qui morz estoit	1	
A paines	1	
et a granzmolt grans loenges	1	
molt tost	1	
la ceaille	1	
fu resuscitez et 	1	
qi Lupecines estoit apelez par non	1	
conta	1	
d'unedu corde	1	
et tolue la vie	1	
si vint toz droiz sus ses piez en estanten son estant	1	
et tuit cil qiavec qui la estoientde la meson ausintassembléassamblé en rendirent graces a nostre Segneur	1	
la ou sili frere estoient por avoir en autre leu		
                demorance	1	
si s'ajenoilla endevant sa presence, si	1	
et nonne mie de Tors tant seulementtant seulement de lade la tant seulement, mes des proceines citezviles et des chasteausprochains castiaus qi en la contree estoient	1	
et une sentence	1	
de ce	1	
et qe l'eglisse seroit moltfust molt beneüreeanoree. dont il seroit pastorbon paistres et governeres	1	
de l'eveschiédes evesques qui estoient apelé a l'eslectionelection et li evesqe. et  presqepres trestuittuit	1	
l n'estoit mie dignes de l'eveschié tenir neet avoir, car	1	
et de povre vesteüre. et vileinementlaidement atornés	1	
as evesqes	1	
en nule chose	1	
a son oés	1	
autre leu avoira avoir	1	
de laet d'autre part roche naïve	1	
part	1	
devers	1	
la plaigneplanete	1	
ne aprochier	1	
et cele voie meïsmes estoit	1	
li seinz hom	1	
etnon nient d'autre chose	1	
estoient a lui: et qi l'amoientl'enmoientamoient lui et sa doctrine	1	
et lor habitationshabitacles	1	
envers nostre Signor	1	
et en  proieres	1	
qant l'eure estoit venuevenue de mengier	1	
trop granz maladie	1	
lor deliz d'endroitaese de lor cors	1	
des	1	
et seins homes	1	
qi en son mostier estoient	1	
mon signeur	1	
comque je voz ai diteconté, et tout par l'exampleles exemples de lor bon pere	1	
car qi son signeur voit bien fairefe. legierement i puet example prendreprendre essempleprendre essample de bienexample prendre a bien faire	1	
non	1	
en cel tens d'ore: plus qe l'en ne feïstfaisoit adonqes	1	
et va a honte	1	
Et chascuns tient a grant savoir. Que la ouonu on doit doner souvent. Doinst a chascun pou ou noient. Mes je vous di que mal esploite. Qui tout a retenir couvoite, Car morir couvient en la fin. Qui souvendroit de seint		
                      Martin. Et qui ses voies ensivroit. Ja certes avers ne serroit. Ne n'auroit en lui felonie. Ne mauvestié ne vilonie. Si en devroit bien sovenir: A tous ceus qui cuidentdoivent morir. Mes autresas autres ne le dïentdi je mie. Qi la mort tienent a folie. NeEt qui ne cuident ja finirmorir. Ne de cestce siecle departir. 	1	
et doutoient	1	
le travail	1	
ceste seculer vie	1	
neet ja ne prendra fin	1	
lor bon pere. et lor bon pasteurmestre	1	
et dire	1	
de Tors	1	
ne vos voel jeJe ne veul mie trespasser	1	
Et por ce i avoient il fait une eglysel'eglise molt bele et mout bien atornee	1	
et sanz doutance	1	
passion et 	1	
 Ce enquist il et demanda a toz ceus del païs par grant amor et par grant diligensepar grant diligence et par grant amor	1	
onquesains n'en pot creature resoncertaineté savoirsavoir certaineté por chose q'il seüst fereeüst fetepeüst fereseüst enquerre	1	
del non de luide son non ne de sondu martyre	1	
mie grant	1	
aet a cel leu meïsmes	1	
ensegnast et 	1	
par sa doçor et 	1	
et cruel	1	
et desfere	1	
de lacele terre	1	
et de cele malvesecele folela faussemalvaise creancecreance qu'il avoient	1	
Si com seinz Martins resuscita un		
              mort	1	
et grant criee	1	
Et qant il vit la torbegrant assemblee des gens  de loing qi venoitqui de loing venoitque de loins venir	1	
et s'estuttouz coiz :por ce	1	
Et qant il se fu arrestezot alé tantl'espasse qe l'en peüst avoirestre alé grant piece	1	
q'	1	
q'il veoitavoient	1	
et aperçutperchut	1	
en la bierelitiere	1	
environentor lorles blés	1	
PorEt porEt enEt par ce si i avoient grant fiance	1	
cil q'il avoitavoient encontrez	1	
a trestoztouz	1	
trestuittuit aussi coiz com se ceche fussent pierres	1	
por chose q'il peüssent fere	1	
aussint comla ou il estoientet furent tuit esbahi	1	
Et donadontEt lors conmença li uns l'autre a esgarderregardera regarderconmencherent a esgarder li uns l'autre, siet se porpensoientpenssoientse merveilloientse porpensoient et merveilloienta penser qeentr'eus de ce qu'ilqu'il lor estoit avenu et esmervelloients'esmerveilloient	1	
Mes	1	
et qe ce n'estoientestoit mie lor deudiexfeu q'il comportoientportoient	1	
d'osterde leverde porter et d'oster le cors et 	1	
Ensementet toutevoiesAinsi lesle fist il arrester, qant il vout par la vertuhaute vertule volenté et par le vertu de nostre Signor. et qant il li plot, il les en lessa aler tot a sa devise	1	
aoroient. et 	1	
a trenchier	1	
a trenchier	1	
trenchier	1	
et mostresnos mostres	1	
et contes	1	
et sanz grevance	1	
venist et 	1	
et confondusfonduz	1	
et lor ymages. et sine ne voloit d'eus avoiravoir d'iaus ne socors ne aïde	1	
mout liement. et a grant joie por abatre	1	
un pou loing	1	
Li moigne qi estoient deciplequ'il estoit granz a desmesure et de grant hautece. Li		
                    pueples qui i estoit avoit grant paor de son trembler.il estoit molt grans a desmesure et molt estoit		
                    haut. Li moine qui estoient deciple seint Martin esgardoientregardoit cele grant mervelle de loingde loinz cele merveillecele merveillecele grant mervelle. et si devenoient tuit pale et esperdu depor la peorgrant paour q'il en avoient. Et por ce q'il estoienten estoient si espoenté, avoienten avoient il lor esperance perdueleur force perdue et leur esperance, si q'il n'atendoient mes autre chose qefors que la mort. delal seint home.	1	
nostre Signor	1	
granz et 	1	
et grant mervelle	1	
qi el plus seüren pluseurs leu estoients'estoient mismis a lor avis por esgardereus garder	1	
q'il avoient de lor seintchier pere	1	
a anoncier	1	
ne le creoientcreoient mie tuit. Et tuit cil qi	1	
et si se tornerents'atornerent parapor seint Martin aet a vraie creance	1	
lor felonies et 	1	
seürement	1	
par ses bones exemplesbone creance et bons essamplesbone creance et par ses exemples. et par ses granzboines vertuzla vertu nostre Seigneur	1	
mostier	1	
et lor proieres	1	
ouel temple	1	
et autieus	1	
ade vraie loyfoi. et ade vraie creance	1	
Si com il ardi un templeun temple de paiens	1	
en cel meïsme tenz	1	
por lui	1	
estoient	1	
et cil qi en la loy nostre Signorde nostre Seigneur ne creoienttenoientcreoient mie	1	
molt volentiersvolentiers sacrefices et	1	
et alor proieres	1	
et a lor ymages: qique molt i estoient soventes foiz joïessouvent veües et celebreessouventes foiz estoient molt joïes et celebressoventes fois i estoient joïes celebrees	1	
por ce q'il le voloit ardoir		
                et destruire	1	
et la chaleur desmesureea desmesure	1	
errant	1	
et granz merveilles	1	
et se treoitcrioit arriere	1	
se vos le veïssiez adonques, qe li element, ce est li feus et li vens	1	
cele mellee	1	
destruiz. et que	1	
par seint Martin	1	
et sauvee	1	
Si com il abati un temple	1	
ne ne li lessoientlessoitlessierent depecier ne abatre	1	
de la	1	
neet abatre	1	
par sa devinedigne vertu	1	
aussint	1	
hanstes en lor meinzpoins, escuzet escuz a lor cous	1	
Et	1	
et desconfeïssentles desconfesissent	1	
a l'oevre q'il		
                avoit comencie	1	
einsisi com il avoitl'avoit entreprisempris a fereentreprise l'avoit a faire	1	
escomenié	1	
tuit	1	
et entendirent	1	
esbahi et 	1	
devine	1	
si q'il nene ne porentporent onquespooient contrester aencontrecontre l'evesqele saint evesque de nule chose	1	
et crurent	1	
Et si crierentcrioient a hautes voiz et distrentdisoientsi disent. qe celui Deu qe		
                  Martins  li evesqes creoit et aoroitaouroit et creoit. totes genz doiventdevoientdevoient bien toutes genzdevoient toutes gens aorer et croire. et les ydolesydres et les ymages qi euzeles meïsmes ne autrui ne pooientpuent aidier. ne secorre. devoit l'en deguerpirbien deguerpirguerpir et despiredestruiredespire toudis	1	
si com il l'avoitavoit en us et en costumea costumea us et a coustume	1	
et sanz doutedoutance	1	
q'a poisi durement que pres s'en alasi durement qu'a poi q'il ne fu toz combrisiez et maumistouz maumis et touz conbrisiez	1	
et a creancela creance	1	
qe j'ai conté	1	
et a destruire	1	
et formeemolt formé	1	
a lor guisseeglisemaniere	1	
qi environentour li manoientmanoient et habitoient	1	
et a destruirea confraindre l'ymage aus faus diexa confondre	1	
et grant ire	1	
et ocirre	1	
fors	1	
ParEt parPour tieus examples	1	
et assouagoit	1	
tieus poissance	1	
et curer	1	
si com voz orrez ci aprés, se voz sa viele volez oïrparoïr et entendre	1	
et si ertestoit par la grant enfermetémaladie si demeneesi demeneemalmenee: q'ilsi n'avoit en li fors tant seulementtant seulement quefors un petitun mout petit de vie	1	
et si proismeprochain amiami	1	
tant	1	
mout proçaineprocheinement	1	
et dist soudeinement	1	
sovent	1	
meint bel	1	
aussi com toz esmarizs'il fust touz esfreez	1	
et aavec lui venoients'assembloientse tenoient avec luise tenoient a lui por sala seinte doctrinesainteé retenir et entendreentendre et retenir	1	
nostre Signor	1	
et perist	1	
en li	1	
d'esperit et 	1	
beaus	1	
et ce dire	1	
 si	1	
granz	1	
a crier	1	
a plorer et 	1	
la meson deadel pere ale pere a	1	
lor valors	1	
Si com il delivra le serjant au conselle	1	
Adonc	1	
et grevoit molt dolereusementde doulereuse painede molt dolereuse painne	1	
et sanez	1	
sanzet sans demorance	1	
Et l'en i ala por lui amenerli amena tantosti ala por le dervé amener au saint home	1	
et grant derverie	1	
li conceles	1	
et et quetant li feïstil tantost si fist par sa proiere	1	
qi n'eüst receü baptesme	1	
si qu'il n'eüst puissance de lui traveillierde lui travaillier puissance	1	
et par tel covenance	1	
qi enseur lui estoit	1	
vraie	1	
et aprés ce n'otnonne mie loncgrant tens,  sise fufist il baptiziés	1	
Si com il chaça le deable hors d'une		
              meson	1	
non mie grantlonc termetans trespassépassé	1	
arrester et aguetier	1	
et mout espoentable	1	
Qant il le vit	1	
de lad'illuec ou il estoit	1	
estoit entrez elou corsavoit pris et saisiavoit saisi et pris	1	
Tote la mesonmesnie en ertfu troublee	1	
a fremir et 	1	
et a ovrir la bouche par sa grant forseneriedesverie	1	
deveure cezmes doiz et 	1	
et tout ardantplain de grant ardure	1	
entrez	1	
de la dedenzlaienz	1	
del corshorsfors dea celui	1	
et molt tristres	1	
EinsiSi com je vos ai contéconté et dit, fu cil delivrez des oevres au deablepar saint Martin des oevres au deabledel deable par les oevres saint Martin	1	
Uns miracles de seint Martin	1	
esmaie et 	1	
toz tens	1	
en doutance	1	
en poorerrour et 	1	
assamblez	1	
ooit et 	1	
malvese	1	
et fors de doutance	1	
Einsi fu la citezla cités de Tours par seint Martin delivree de l'enemidel deabledel deale delivreedel deable delivre a toudisdelivre par saint Martin de l'anemi	1	
Uns autres miracles	1	
et ses oevres	1	
le viaire	1	
et oïr	1	
et mondezsanez de sale grant maladiemaladie qu'il avoit	1	
la santé q'il avoit receüerecouvreechou qu'il avoit santé recheüe	1	
vos, signor, qi oez et entendez la viede la vie seint Martinmonseigneur saint Martin	1	
parpour ce qu'il a eus les atouçoient	1	
Ensi estoit li seinzhaus hom enversvers nostre Seignor de haute meritede haute merite envers nostre seignor	1	
Uns autres miracles	1	
se parpar mi la mort non	1	
carne  je ne vous sai direje ne sai dire vosne vos sai a direje ne vos sai a dire qe les lettres disoientdevisoient	1	
noient	1	
mondee	1	
qi la destreignoit	1	
Arborius	1	
q'il avoit veü	1	
ce estsunt la vesteürel'abitles vesteüres de religion	1	
Si com il rendi a un home son oel 	1	
et par la maladie qi tantsi l'avoit grevéli estoit agregieeli estoit aggreveel'agrevoit	1	
de l'uel	1	
q'il avoit moltgrant pieçamolt avoit desirree. et li		
                osta la doleur q'ilque lonc tens avoit porteeavoit lonc tans eüe	1	
Par ce dient cil qi ceste vie entendententendent ceste vie q'il avoit delde cuer et delde cors lasa lumiere receüeles lumieres receüesrecheüe le lumiere	1	
Si com il cheï del cenailldou cheval	1	
par ne sai qele aventure	1	
car illi saint hom sosfroit molt grant doleur del chaïementde la chaleur qu'il avoitde le keeürede keüre	1	
lendemein	1	
et siet lendemain sembloit qu'il n'eüst eüreceü ne doleur ne bleceüreonques eu nule bleceüre	1	
et de dire	1	
a lui	1	
ne ne se voutvoloit meller de tele oevretiex	1	
nulene de nullene nule doutance	1	
Et s'il avenoitavenist choseavenist q'il eüst mestier de feire au roirois de France aucune proiere, il comandastli conmandast ançois q'ilne mie li priastla feïst et qu'il le proiast	1	
en nule maniere	1	
ne ne serroitserroit il mie a tablesa table enne en salour compaignie	1	
et sanz droiture	1	
la besoigne	1	
pleniere	1	
car li empereres l'enli avoit tantes resons mostrees: et tante proiere fete q'il ne l'enli pooit escondire	1	
si grant joie l'en crut	1	
aussi com a un jor	1	
qant lui pleroitpleüst, si com il est encore en us et en costume	1	
en terre et el ciel lassus	1	
et telgrant leesche	1	
Tel signorie et tel hautescesi grant bien et si grant hautescheet si grant bien et si grant haultece Qe nus deviser nel sauroitporroit, Ja tant ne s'en entremetroitChertes bon porçachier feroit Riches, povresRiche et povre conmunement. Qiqu'il a celtel esjoïssement. Peüssent venir sanz desfense. Et cil qi la venir ne penseparvenir n'i pense. Estil est certesentrés en molt male voie,  Car li deables le desvoie. Qi oaavec lui est soir et matin. Qi la vie ot de seint		
                          Martin, Aucun bien en doit		
                        retenir,  Car del bien doit bien sovenir. Le mal doit l'en lessier aler. Ce oiai oï sovent dire et conter. Qe del bien doit nestresieut venir li biensseut li biens venir,  Del mal le malli maus as ancïensne puet fallir. Ne vos en sai plus qe retraire. BuerBien fu nés qi le bien puet feire,  Car Dex l'aime, mon essïent. 	1	
sa gent	1	
dea grant manieremerveille	1	
et molt en demenerent grant joie par le palés trestoztant com il mengerent et tout cil qui		
                        servoient	1	
par	1	
et requis	1	
devant ce qe eles fussent avenues	1	
l'empereor	1	
li empereres	1	
tost	1	
et desconfiz	1	
et tant porchaça	1	
ce q'eles avenissent, car li seinz homil savoit par le seint Esperit meintes chosesmolt de choses qi devoient aveniravenir devoient	1	
vos qi oez et entendez sa vie	1	
si grant force et 	1	
ne trestorner	1	
ne en nule forme	1	
ja tant	1	
ne s'i seüst atapir	1	
ne repondre	1	
mout dolenz et 	1	
ne partir	1	
boidissant	1	
j'ai	1	
et tolue la vie	1	
et cerchassent	1	
et ceste oevre	1	
loing	1	
veoir	1	
oïr	1	
vos qi entendez .et qi de retenir avez science	1	
bien poezsi poés bien  vos savoir qe ce	1	
si com je vos ai devantdit et conté	1	
a ses freres	1	
devant ceançois qe il meüssentvenissentalascent porde celui qerrealer querre cheluiquerre celui	1	
en formesforme de choses humeines	1	
aeuroient	1	
et sa pensee	1	
ne poor	1	
Mes li seinz hom entendoit bien et savoitsavoit bien qe totes les choses q'illi deales disoitli disoitli disoit a haute vois  erentestoient  malesmauvaises, et por ce ne ses'en  movoitesmouvoitesmaioit de rien il mie dedenzen son cuer ne ne trestornoitne ne mostroit nul samlant	1	
ce est de ses deciples	1	
ce est de ses deciples qi ensamble oavec lui erentestoient	1	
en sa confrarie	1	
q'il avoient eü	1	
et puis si les avoit receüz	1	
et par ses oevresmerites	1	
toz les pechieztoutes les choses et les pechiez qu'il avoient fez. et 	1	
au deable et si disoit	1	
et les deliz	1	
et laver ena enet en avant	1	
haute	1	
tous	1	
et leissoient	1	
dontu il erentestoientorent devant issudevant sailli et eissudevant esté. ne ne devoit avoir de nostre Signor nule		
                    indulgense	1	
q'il avintdist une foiz	1	
qe tu t'en repentisses	1	
encore soit il proceins	1	
et entendre	1	
qi ce disoit au deable et a lui parloitparloit a lui et sermonoit en tel maniere	1	
BienEt bien poezpoés vous savoir qe ses cuers estoitest veraisvrais et dignes et sa paroleproiere dignedignes en se parole, qant il a l'anemiau deable parloitpreeschoit einsi sanz avoir poorpaor avoir neet sans doutance	1	
et por mener seinte vie	1	
par la foi q'il avoitavoit en lui et par la bonehautesainte creance	1	
et lor ententes	1	
l'	1	
pleinement	1	
qantque li tens fu trespassés	1	
de bone loy et 	1	
angele	1	
et de Lui lesli raportoient	1	
li bons jovenceaus	1	
au daerrein qant il ne pot plus soffrir	1	
et par grant ire l'embatroitle batroit  ende granz persecutions	1	
oï et 	1	
et tramise	1	
et entendreatendre	1	
Puis	1	
volentiers	1	
ou de leine	1	
as iols	1	
as meinz	1	
et nepor qantnequedentet si ce ne sembloit autre chose qe vesteüre	1	
et a amonester	1	
et a estre encontreen contençon de qanq'il pooitpot	1	
ne qe dent	1	
tout premiers	1	
qe cilil avoit vestue	1	
Et qi est cecil qi doute: qe ce ne fust	1	
car il savoit bien q'il ne se pooit envers lui		
                    covrir por pooir qu'il eüstq'il ne s'an pooit couvrir en nule guiseqe encontre lui ne se pooit il couvrir de nule cose	1	
entre eus	1	
le prophete	1	
par lor folies	1	
puis	1	
si com nos meïsmes veïmes. Et pluisors de nos freres nos raconterentracontent	1	
De ce poés vos sanz faille poezsavoir et veoir: qe li avenemenz d'Antecristde nostre Seignor aproceaproisme: par les faus prophetes qi dontadonc venoient	1	
raconte et die	1	
en celce  tempoiretans	1	
en orissons	1	
et de lié	1	
premiers	1	
por la grant lumiere	1	
ne paspas ne avant ne pas arriere	1	
qe li uns ne parla a l'autre	1	
ore	1	
autre foiz a dire	1	
resplendissant	1	
cele voiz	1	
Et vos toztrestout qiqui tous cez choses avez oïesavés ces choses oïesavez ces choses escoutees et oïesavés oïes et entendues ces coses qe j'ai contees ne cuidiez mie qe ce soient fablesflabes neet mençoignes	1	
PorEt por ce les doit l'en tenir a veritablesa veritables non mie a fablesa veritables ne mie a menchoignes ne a fables, car li pluiseur en ont cuidié et ditdit et cuidié meintespluseurs mençoignes. et si disoient q'il estoitc'estoit ars, qant il ooientoïrent parler de ses signesgrans signes et de ses vertusgrans vertus	1	
Mes ce ne doit nus croire, carmes je dirai bien et raconteraiconterai. coment cele cuidancefole quidance vint as foles genz, si com cil qi proprementpremierement le vitle vit proprementle vit premierement a ses euzde sa veüe, car je fui ensamble oavec le seint homele saint home maint jourle saint home lonc tansle saint home molt lonc tans qi menoit mout seintebone vie. Et par meintes foiz me dona il l'eaueaigue a mes meins laver, qant je mengoie aavec lui a son seint mengierse table, et c'est une chose qe jaje a peines oseoz a paine  je regehirgehir ne conterraconter. Et qant venoitce venoit al vespre, il nos		
                lavoit lesnos piez: et si  n'osionsnos n'osiesmes encontrecontre ester derefuser a chosenule cose q'il nos vousist feirefere a nous, car il es--toit		
                    de si grant auctorité: qe ce me semblastsembloit vilenie et pechiéspekiés et felonie, se je lile escondeïsse ne ne sousfrissea fere choseçou q'il me vousistvouloit ferealer	1	
ne ses sermons	1	
tout en tot	1	
Et por ce qe je ices choses oïoï ces choses au seint home dire et vili vi pluiseursmaintes seintessaintes fors oevresoevres saintes faire, vos voel je conter et dire. et dont cele folemauvaise opinium vint a cels qi disoient qe seinz Martins qi les deables chaçoitchassoit les deables hors desdedes cors aus pluiseursgenz. et resuscitoit les		
                  mors. et avoit osté les feus et les		
                flambes de pluiseurs leus: ne pooit avoir lui meïsmes garantigarantir lui meïsmesavoir garandit lui meïsmes, mes il mententmentoient ne ne sevent noientrienconme cil qui rien ne savoient de la verité. Mes je qi i fui. et qi lesle vi: le vos voldraiveul conter et dire. OrSi escoutés dontentendez et escoutez leun beau miracle.	1	
et por doctriner	1	
de bones oevresmors et de seinte doctrine, si come il estestoit costumeacostuméadont coustume as evesqeset cest encore aus evesques	1	
de l'eglise oula ou il peüst seoir et gesirestre plus coiement et bele noeve chambre	1	
sor un pavement tenvenetendre qi en celele chambre estoit	1	
et si soef	1	
n'autres orelliers	1	
porEt pour ce si fufu il mout dolenz q'ilqant il estoit couchiez sor tele molecetel moleche et si soef	1	
et a flamberfaire grant flambe	1	
dont il ne se guetoitgardoit mie	1	
agaitoit et 	1	
feire	1	
qi estoit clos et serrez	1	
entor lui	1	
qesi que la vesteüre en esprist q'il avoit vestue	1	
a la fin	1	
Si moigne et 	1	
hors	1	
ou il estoit en orisons	1	
et siqu'ilet il cuidoientcuidoitquidierent q'il fust ja toz ars. paren la grant chaleurchaleur grant ou il avoit si longuement esté	1	
meintes foiz en ploranttout en plourant	1	
par son art	1	
Mes a la finparfin qant il ne pot l'uis desfermer, et il fist sor lui le signe de la croizsainte crois. et Il se leva et fistses orissons teles comque il les savoit q'il li covenoit a fere, la flambe ne li feussi que la chalor et la flambeles flanmes ne les caurres qi grandes estoient et		
                    desmesureesles flammes ne les caulres qui estoient grandes et		
                    desmesurees ne li firentfist mienient autrenul mal qe feïssentne plus queriens plus mal que feïst rosesrouseesrousee qi del ciel descendissentdescendistdescendiscendicent	1	
entendre. et 	1	
quique c'onqesque qui onques lirra ceste vie	1	
enparet en cesttel peril	1	
Mes il i fu bien provés si com cililcil estoit qi seinz hom estoit et justes, car ilqu'il n'i ot neninul mal ne peine: autreautre painne qe vos avez oï. Et qi ore voudroitvoudravielt oïrsavoir conment li seinz hompreudom definafina. et lessa cestetoute mortel vie. por aler a laen parmenablepardurable gloire, si entendezentende  decides ored'ore en avant mesa mes paroles	1	
et a ses freres	1	
neqe dent	1	
bonbien l'assomementassomemens	1	
de sesdes vertuz	1	
lasa seinte compaignie de	1	
qi d'aler ensamble oavecensamble lui estoient adés acostuméaloient avec lui	1	
et chaçoient	1	
qantet qant il les ataignoient, si les devoroient et menjoient	1	
neet qui guetier ne se sevent, et siainsinc prendentpreïscent les nonsachanznonchalanz	1	
qant il les ont pris	1	
par sa seinte parole	1	
et les devoroient	1	
deguerpesissentguerpesiscent celle leu. et si	1	
q'ilqui arrestern'arester n'i oserent	1	
Or repoezpoez vos oïrveoir et entendre grant miracle, car aussitout aussi com il soloit les deables chacier forshorsenchacier les deables des humeins corscors humains parpartout autelautretel comandement, chaçaenchassa il les oiseaus forshors del flun: ou il		
                estoient assamblé. TantostEt tantost com seinz Martinss'il lor ot de par nostre Signor fet le conmandementconmandé de par nostre Seigneurfait de par nostre Signor le commandement, tuit li oisel s'assemblerent ensambleen une torbe, sietet si deguerpirent la riviere,		
                si alerent as bois et as montaignes, et li pluisor qi ce virentqui courrirent  s'esmerveillierent de la grant		
                    vertu qe nostre Sires avoit mise en seint Martinlui, qeqi sor oiseauseulzles oisiaus meïsmes avoit de conmanderconmendement puissances'en merveilloient mout	1	
oula ou il aler devoitdevoit aler	1	
arriere	1	
del cors	1	
et grant duel a demenera demener grant dueldemenerent grant duel. et si ses'enle plaignoient a hautes voiz	1	
por qoi nos deguerpizdeguerpisses tu	1	
et desconseilliez	1	
SacessachiezEt saches bien qe li leu ravissable envaïront ton foucfouc d'oeilles. Et qi desfenderale deffendrales desfendera puis qe li pasteur n'i sera mietu n'i seras mieli paistres ne les desfendera mie ne nos serali paistres ne le deffendra ne n'i serra	1	
tuit ti loier sontseront sauf: et si n'amenuiserontamenuisierentamenuisent miemie a toi	1	
car ilet si estoit toz tensjors pleins de doçor et de misericorde	1	
para ceste voiz	1	
si dist	1	
a sosfrir	1	
ne la paine	1	
Et ce n'estoitert mie merveillede merveille, se li seinz hom estoitiert en doutance, car il pensoit a .ii. choses, a alerl'aler a nostre Signor: et a l'amour dedemorer avec ses deciplesde son proïsme et de ses disciples, ne ceuseulsde ciaus ne voloitse vouloit il mie volentiers deguerpirvolentiers departir ne iaus deguerpirdepartir volontiers ne aus deguerpirpas deservir, ne de la compaignie de Jesu Crist ne voloit il miepas estre desevrezdescreüsdescheüs plus longuement	1	
Or poez vos oïr del saint home qi delde tel travail sosfrir n'estoit mie		
                    veincuzn'estoit encor mie lassez de travail soffrirde tel travail n'estoit mie vencus pour travail souffrir. ne de la mort aussintdoltans, car il ne doutoitredoutoit miepas a morir: neet si ne refusoit mie a vivre. por la volenté nostre Signorde nostre Seignor aempliracomplir et faire	1	
a fere	1	
s'enense sour son lit nonse: soren nul lieu fors seulement a	1	
la pure	1	
vil	1	
metre	1	
ne ne presçoie	1	
Dont avoit li seinz hom toz tens les iols et les meinsles meins et les euz vers le ciel, et si ne s'alaschoitcessoitlasquoit onqes de ses orissons a fere. Et qant li prestresprestre qi aoavec lui estoit venuz li proioitestoient venu li prioient. q'il se		
                lessast tornerretorner seur costéd'un costé sur l'autre. por avoir un poupetit plus de doçor et de repozde repos et de douceur en ses membres, ilet ilet il lour disoit : Mi filfrere, lessiez moi einçois esgarder le cielesgarder le chiel anchoisregarder le ciel ains qe la terre, si qe mes esperiz s'en iras'en vaiten ira plus aparelliementprestement la voie qu'il doit aler a nostre Seignorla voie qu'il doit plus prestement a nostre Seigneur		
                      aler.	1	
tantost com il l'ot aperceüpercheü	1	
einz me recevera li seinzli serjanz seint Abraham hastivementhui le saint home sanz demorancesans demoranche	1	
aule seint home	1	
en parmenablepardurable gloire	1	
ne qe nule lumierelumiere terrienne	1	
tot aussiensementaussi tout ses autres membres	1	
Et qi cuidast q'il eüst tant estéesté tant coverz de heires et tant soffert de peines ! Car il estoit plus blans qe leiz ne noiz negieIl est plus purs et plus nez et plus blans que noif negieeIl estoit plus purs et plus blans que lais ne que		
                    noif negie. Et jala mostroitdemostroitse monstrale moustroit la nature de la char qiqui lique elle estoit muee. laa laen la gloire de la surrectionresurrection qi li estoit a veniravenir	1	
Tuit li home de la citéEt tuit cil de la contree i vindrent. et tuit cil qi estoient asdes champaignes et as voieset en voies et en chemins. et meïsmement les pluseurs genz vindrenti vindrentcil desde citez		
                procheines. O ! com grant pleurplains tuit demenoienti demenerentdemenerent	1	
qi	1	
venuz et assamblez s'ense dolousoient et jemissoientgramentoientgemiscoient et dolosoient ! Cecist plors et ceste plainte dura tresq'aujusques audusc'au liu de sa sepouture	1	
qi meinzplusors granz biens avoit fesfet fet as malades	1	
et si ala a nostre Signor Jesu Crist	1	
si com je vous ai plenierementplainement devantdevant plenierement conté et dit. Et qant il vint premierspremierement a Conde: et il comença a maladirmauder, si conme la chosedevant vous est devant retraitecontéjou vous ai conté devant	1	
li Poitevin	1	
et une grant dissention	1	
cestiex paroles	1	
vous	1	
dementieresdementresendementresentrues q'il a estédemoraestoit au mondesiecle. et parti		
                  a ses viandes	1	
de ses beles vertuz. et 	1	
Totes cez choses vous pueentdoivent bien souffire et doivent	1	
sanz vie	1	
Beaus signors de Poitiers	1	
nos	1	
n'en resuscita il qe	1	
Ce est certeinecerte chosecose certainecose certe et provee	1	
vie	1	
qu'il ot l'eveschiéarceveschié receüe	1	
q'il	1	
l'anciene loy et 	1	
beaus signeurs	1	
fu	1	
continelment	1	
s'afichierent	1	
ne n'i otavoit nulun seulnul seul qi veillast: de si granz genz conme de la cité et de la contree d'environentorenviron i estoient assamblétuit assemblezla estoient assemblé de la cité et de la contree		
                    environ	1	
et toutes les genz de la cité i entrerent aveuqesensembleavec entrerent	1	
q'il gardoient	1	
repeirierent en lor contrees	1	
siet si com vos devez bien croirele devez croire	1	
entre deus	1	
sachiez bien	1	
adonc	1	
car	1	
ou ilqu'il liet  feïssent assezassés li feïssent sosfrirsosfrir assez de paine et de doleurdoleur et painedolours et painesde dolours et de paines	1	
de ceste vie	1	
tout par nombreconte	1	
Tantantce enen a on trueve l'en l'escritureescriturees escriture	1	
Qi del trestottot nos assegureraseüreen asseüre. Et qi la verité en dist, 	1	
Tout ausisitot si com SevrinsSeverius l'escrist. 	1	
Qi sa vie nos a retrete. ElDelDe latin qi molt bien l'a feteen romans bien faite. Au tiesmoing ceus qi l'ont leüeseüe. Et tote oïe et entendue.	1	
adonqes	1	
seinz hom	1	
et de bone	1	
mout estoit	1	
deet de grant maniere	1	
si com je voz ai contéconté et ditdevant conté	1	
 et de ses clers grant partie ensamble o luiavec lui grant partieensamble lui grant partie. Si comLa ou il aloit einsi com je vos diai dit	1	
mout haut	1	
et de grant esleecement	1	
et entendoit	1	
ne entendoitn'entendoit	1	
si entendist	1	
Li arcediacres conmença le col a estendrele col a estendre et le col a tornerle col a estendre et la teste. et les oreilles a tornerentendrea torner les orilles vers le ciel: por oïr et por entendrepor entendre et pour oïr, mes il n'ooitoï ne n'entendoitentendi chose nulenule creaturea cele fois nule cosea cele fois cose nule. Et je quiç qe por cepour ce cuit je ne pooitpooient il oïrentendre les voiz qi chantoientqu'il cantoient: q'il n'estoit mie de si hautegrant merite com li seinz arcevesqesarcevesques estoit qi devantdevant lui les avoit oïes	1	
li arcevesqes et li arcedyacres	1	
firent	1	
sa grant douçor et 	1	
grant	1	
devant	1	
se releverentleverent  de terreandoi de terre	1	
a l'arcedyacre	1	
n'entendoit	1	
lalor leeche et la joie estoit si granz	1	
et demeinent joiegrant joie elon cielqu'il l'enportent lasus el ciel	1	
et entendu	1	
en lor compaignie	1	
chose	1	
ne tant ne qant	1	
pecheors	1	
lor compaignie	1	
prendre	1	
ena lor partie	1	
siet si com il meïsmes  bien savoientle savoientsavoient bien	1	
en la gloire parmenable	1	
tost et isnielement	1	
par grant diligenseentente	1	
l'arcevesqes de Coloigne	1	
des angles	1	
de ceste mortel vie	1	
hui	1	
et florie	1	
le boneüré evesqe	1	
conmencier	1	
et ennuiez	1	
ne troublez	1	
mout s'ense esmervellierentesmerveilloient, sitout droitement	1	
parena verité	1	
et beneürezde boines oevres	1	
de ceste vie	1	
seinz	1	
et encontreen cui ameencontre totes les celestieus vertuzvertus celestieus venoients'esjoïssoient	1	
qi roïne est de tote creature	1	
et qi paradiz retient ensamble oavecensamble cels qi i demeinentmainent grant joie et leeschegrant leescejoie et leeche i demainentjoie i demainent et leece	1	
qi de tote chose est sires et crieres	1	
de cest mortel siecle	1	
et de bone vie	1	
par non	1	
et en la signorie	1	
et plus bele. q'ele n'i estoit faite	1	
et consomee	1	
et toz les abbés et les prestresprelas	1	
et beneïrbeneistre	1	
aet a grant joie	1	
et a grant segnoriegranz seignories si com droiz estoit	1	
bons	1	
qi venoit	1	
toute	1	
atot le sarqu	1	
et molt espoentez, carpar ce que il ne le pooient movoirremouvoir	1	
beausbeaubien signors	1	
del seint home	1	
q'il avoient descoverte	1	
malades	1	
li blans hom qi lailec estoit venuz	1	
et les seintes reliqes et les croiz		
                      et .vii. cierges i furent aportez tos ardanz	1	
en haut	1	
tresq'a hui cest jor	1	
et assis	1	
et sine ne s'aparut onqes puisplus a nul d'eus de cels de l'eglissequi en l'eglise estoient	1	
conté et 	1	
conter par autrui	1	
et ce	1	
tos les siecles	1	
		
		
		
Leçons d'ordre sémantique (593)		
Pourcentage : 32.61826182618262		
Nb de leçons en commun avec C2 :36		
Nb de lieux variants en commun avec C2 :49		
		
Nb de leçons en commun avec C3 :21		
Nb de lieux variants en commun avec C3 :33		
		
Nb de leçons en commun avec D :77		
Nb de lieux variants en commun avec D:119		
		
Nb de leçons en commun avec E2 :94		
Nb de lieux variants en commun avec E2:140		
		
Nb de leçons en commun avec G1 :92		
Nb de lieux variants en commun avec G1 :209		
		
Nb de leçons en commun avec M1 :82		
Nb de lieux variants en commun avec M1 :170		
		
Nb de leçons en commun avec N :73		
Nb de lieux variants en commun avec N :175		
		
Lemme 	Leçon	
ne	et (F2)	48
li	si (C3 E2 F2)	22
ensamble	avec (F2 G1 M1)	16
nostre Signeur Deu	Dieu (F2)	16
cil qi	il (F2)	9
a	en (E2 F2 N)	9
com	que (F2)	9
en	de (F2)	8
nostre Seignor	de Dieu (F2)	6
tresce	des (F2)	5
fors	hors (D E2 F2 M1)	5
il	saint Martin (F2)	4
avoient	avoit (F2)	4
cel	ce (F2 G1)	4
entor	a (F2)	3
trestuit	tuit (F2)	3
Signor	Jhesu Crist (F2)	3
defors	dehors (E2 F2 G1)	3
o lui	avec lui (F2)	3
li seinz hom	sainz Martins (F2)	3
se	s'en (F2)	3
departi	parti (F2 N)	3
i	li (C2 D E2 F2 M1 N)	3
de grant maniere	molt (F2)	3
nonça	dist (F2)	3
ot	fu (F2)	3
tresc'a	dusq'a (F2 M1)	3
removoir	remuer (D E2 F2)	3
bones oevres	bien (F2)	2
trespasserent	passerent (F2)	2
pluiseur	aucun (F2)	2
tresc'a	dusqu'a (F2 M1)	2
si	se (F2)	2
si com	ainsint conme (F2)	2
a	vers (D F2)	2
dolor	paour (F2)	2
la	les (D E2 F2)	2
si estoit	s'estoit (C2 C3 D E2 F2 G1 M1 N)	2
Et	qar (F2)	2
ou	qui (F2)	2
a un	au (C2 F2)	2
et 	ne (D F2 G1)	2
ce	cel (E2 F2 G1)	2
si	Lors (F2)	2
trespassé	passez (F2)	2
Si	qi (D E2 F2)	2
et 	mes (F2 G1 M1 N)	2
averont	auront (C3 D E2 F2)	2
li ans	lonc temps (F2)	2
sa	la (E2 F2)	2
devant	avant (F2)	2
qe	aus (F2)	2
N'onqes	Et (F2)	2
q'il	qant il (F2)	2
ce sace Dexnostre Sire	sachiez (F2)	2
au chastel qe je voz ai devant noménomé devant	sa (F2)	2
tresc'a	dusc'a (F2 M1 N)	2
poindera	prend (F2)	1
ne	n'en (F2 M1)	1
desirrent	covoitent (F2 N)	1
Pannone	Pauone (F2)	1
Ysabbarie	Ysapharie (E2 F2 G1 M1 N)	1
resembloit	sambloit (F2 G1 M1 N)	1
tuit	tuit si conpaingnon (F2)	1
parvindrent	vindrent (E2 F2 G1 M1 N)	1
l'espee	s'espee (F2 G1)	1
environ	entor (F2 M1)	1
plenté	compaingnie (F2)	1
q'Il avoit devant diteoïe et ditedite avant	qui dit (F2)	1
jusq'atant	dusqu'atant (F2 M1)	1
contree	terre (F2 G1 M1 N)	1
la terre	le païs (F2)	1
Vangione	Angione (E2 F2)	1
souz	soudees (F2)	1
si	i (F2)	1
tout	tous (F2)	1
estoit costume	estoit acostumé (C2 D E2 F2 M1)	1
se trestretrest 	s'en vint saint Martin (F2)	1
loist	doi (F2)	1
estoit a veniravenir	devoit estre (F2)	1
cil	cist (F2)	1
volenté	vertu (C2 D E2 F2)	1
nostre Signor	de Jhesu Crist (F2)	1
ensamble o	aveques (F2 G1 M1 N)	1
de foi et de religion	de croire en Jhesu Crist (F2)	1
q'il repairastretornast	de revenir (F2)	1
erranment	briement (F2)	1
de diversitez	d'aversitez (F2 G1 M1 N)	1
sa contree	son pais (F2)	1
q'il	dont il (F2)	1
li	uns (F2)	1
l'enmena	le mena (D F2 M1)	1
trestorné	destorné (F2)	1
tant	plus (F2)	1
pria	requist (F2)	1
orast	priast (F2 M1)	1
trespassé	passé (C2 C3 D E2 F2 G1 M1 N)	1
encontra	entra (F2)	1
ou	qe (F2 G1 N)	1
timebo	timeo (F2)	1
seinte loy	la sainte loi (D E2 F2)	1
desirrier	volonté (F2)	1
trestoz	touz (F2 G1 M1 N)	1
les clers	les chevaliers (F2)	1
q'a	qu'en (F2 M1)	1
parfin	fin (F2)	1
q' il avoit	et qu'il avoit (F2)	1
arrester	demorer (F2)	1
s'estoit de		
                    la seinz Martins departizsainz Martins d'ilec partizsainz Martins partis de la	se parti saint Martint de la (F2)	1
morz	soudainement mort (F2)	1
mie	pas (D E2 F2)	1
la cheaille	la sale (F2)	1
si	puis (F2 G1)	1
i ot il esté	il n'i ot pas esté (F2)	1
.ii. heures	une heure (F2)	1
dedenz	ens (F2 G1)	1
cui il	qu'il (D E2 F2 G1 N)	1
rot	ot (C2 C3 D E2 F2 G1 M1 N)	1
trespassoit	passoit (F2)	1
Il	Si (F2)	1
un laz	une corde (F2 N)	1
issir toz cels qi en l'ostel estoient hors	les gens issir hors (F2)	1
avoit esté	estoit (F2 G1)	1
tresq	dusque (F2 M1 N)	1
de son mostier	d'aveques ses freres (F2)	1
Rurtius	qui Runcius (F2)	1
a la cité venist	alast a la cité (F2)	1
citoien de la vile	bourjois (F2)	1
contre	encontre (F2 N)	1
trestoz	tous ceux du païs (F2)	1
laidement	vilainement (F2)	1
il estoit trop laidementvilainementvilment vestuz	trop estoit vilainement vestus (F2)	1
lut	plut (F2)	1
li	en lui (C2 D E2 F2)	1
n'i	ne n'i (F2)	1
d'	par (F2 G1 M1 N)	1
estoient	avoient (D E2 F2)	1
fors seulement d'enescritures	fors es escriptures selement (F2)	1
erent en abstinence	estoient mis en abstinence (F2)	1
manoient	manjoient (F2 G1 M1 N)	1
le destreignoit	li feïst faire (F2)	1
eüssent	feïssent (C2 D F2)	1
humilité et a cele pacience venu	a celle pacience en humilité (F2)	1
en compaignie	faisoit molt a prisier (F2)	1
s'a	fors a (F2 N)	1
trestot	mes tout (D F2)	1
empriés	aprés (E2 F2 G1 M1)	1
l'eveschié	son eschié (F2)	1
qe je ne vos die	si vos dirai (F2)	1
avoient	i avoient (F2 M1)	1
Miracles de seint Martin	Ci conmencent les miracles de seint Martin (C2 F2)	1
nule chose	rien (G1 F2)	1
entendi	oï (F2 N)	1
jusc'a	desi a (F2)	1
priveement	tout priveement (D E2 F2)	1
ne sai qanz	aucuns (F2)	1
par devers	devers (F2 M1)	1
ooient	oïrent (D E2 F2)	1
ensamble	avec le cors (F2)	1
conmanda	leur conmanda (F2 G1)	1
ne ne se porrentpooient removoirremuer	car il ne porent avant aler (F2)	1
a terre	jus (F2)	1
adonqes en cel tens	a icel temps (F2)	1
et de gent sarrazine	et de Sarrazins (F2)	1
comença	conmença a trancier (F2 N)	1
de la loy paiene	des ydoles (F2)	1
destruire	depecier (F2)	1
devoit	le devoit (D F2 M1 N)	1
sacrez a oés le deable et beneïz	sacré et beneïs au dyable (F2)	1
se	et s'i (F2)	1
trenchier	couper (F2)	1
esmervellier	merveillier (F2 G1)	1
escrollercroullertrembler et de cheïr fere samblanta faire semblant de chaoir	a chaoir de la partie ou sainz Martins estoit (F2)	1
et de nule rien n'ert sostenue	et n'estoit de riens soustenue (F2)	1
pou	un poi (E2 F2 G1 M1 N)	1
ploroient	plorerent (F2)	1
porde le grant joie	de joie (F2)	1
n'estoitiert	vout (F2)	1
q'il	ou il (F2)	1
en cel	es (F2)	1
autel	les temples (F2)	1
mout durement: sor une meson	qui tout plainnement descendoient seur la maison (F2)	1
tost	plus tost (F2)	1
q'il	que li feus et li vens (F2)	1
garantie	sauvee (F2 G1)	1
li seinz hom	seinz Martins (C2 D E2 F2)	1
vileinz	paiens (F2)	1
repairast	i ralast (F2)	1
repaira	vint (F2)	1
tresqe el fondement	dusc'au fondement (F2 M1 N)	1
arriere	a terre (C2 D E2 F2)	1
celui	cestui (D E2 F2)	1
ymages	ydoles (F2)	1
ymage	ydole (F2)	1
acuellie	conmencie (F2)	1
coutre	coutel (F2)	1
li coutres	li coutiax (F2)	1
cheï	il chaï (F2)	1
ne onquesainz puis ne sot nus d'eus qu'il devintfu devenus, einz s'esvanuis'enfui de devant eus par la volenté de Deunostre Seigneur	et la terre l'englouti devant eus tous (F2)	1
gardoient	atendoient (F2 M1 N)	1
molt	molt de (F2)	1
courut	ala (F2)	1
au seint home	a saint Martin (F2)	1
Et dont	Adonc (D F2 G1)	1
preudom	peres (F2)	1
les signes deet	por lui si granz signes de (F2)	1
peres a la damoisele	preudons (F2)	1
tant qe	et tant que (D F2 G1)	1
de s'enfermeté et curee	de toute sa maladie (F2)	1
cil qi i alerent	cil qi l'alerent qerre (F2)	1
docement	humblement (F2)	1
presignier	baptizier (F2)	1
la	une (D E2 F2)	1
se departisist de la et 	se partist d'ilec et (F2)	1
furent	en furent (C2 C3 D E2 F2 G1)	1
cui	en qi (F2)	1
venoit acontreencontre chascun, si leles voloit devorer et ocirre as denzas denz a erdre et devourer et ocirreas denz devorer et ochirre	voloit chascun jor occirre la mesnie de liens (F2)	1
poesté	pooir (E2 F2)	1
mengue	menje ces doiz (F2)	1
noient plus atouchier	a toucher plus (F2)	1
ne	il n'en (F2)	1
li	l'en (F2)	1
le pueple	le monde (F2 G1)	1
por eus metre	por mettre les gens (F2)	1
doute	doutance (C2 D E2 F2 N)	1
loy	foy (F2)	1
la ou il ertestoit en presence por luipour lui la ou il estoit en presence meint beau miracle	miracles la ou sainz Martins fu en sa personne (F2)	1
Arborius	Abrius (D E2 F2)	1
del	por le (F2)	1
virginité	religion (F2)	1
toucha	atoucha (E2 D F2 G1 M1)	1
son oel	son anel (F2)	1
Au	Et au (F2)	1
plus	au plus (D E2 F2 G1)	1
del	d'un (E2 F2)	1
santé receüe	gariz (F2)	1
d'aler contantrecontant	de raconter (F2 M1)	1
bone voellancevolenté	bienveuillance (F2)	1
ensamble o lui mengeroit	mengeroit avec lui (F2 G1 M1 N)	1
cel	l' (E2 F2 G1)	1
qe meintenanttout maintenant manda il	et manda (F2)	1
ses	pluseurs (F2)	1
d'une	a une (F2)	1
asseoir	seoir (F2)	1
premier	primerain (C2 C3 D E2 F2 M1 N)	1
comans	conmandemenz (C2 C3 D E2 F2)	1
joie	grant joie (D E2 F2)	1
avenir	venir (F2)	1
desirroit molt a aler 	disoit qu'il iroit (F2)	1
sanz doutance	sanz doubte (F2)	1
en fuies	fuiant (F2)	1
trespassa	passa (F2 G1 M1 N)	1
plenierement	pleinement (D F2 G1)	1
au	du (F2)	1
a	faisant (F2)	1
ocis	est ocis (F2)	1
volt	le voult (F2)	1
poez	poez vos (C2 C3 D F2)	1
en tel maniere comque il ertestoit avenu	devant ce q'il avenist (F2)	1
mil	plusieurs (F2)	1
ne	nulle (F2)	1
les laidenges qe li anemisdeablesdeable li disoitfaisoitfaisoit et disoitdisoient a hautes voiz	les angles parler a lui (F2)	1
de ses freres	de ses desciples (F2)	1
quant	et qant (F2)	1
les	leur (F2)	1
devoit	en devoit (F2)	1
delessoies	te repentoies en courage et laissoiez (F2)	1
males	mauvaises (F2 N)	1
tant de	tel (F2)	1
veoir	savoir (F2)	1
li seinz homprodom avoit en nostre Signor grant fiance	grant fiance sainz Martins avoit en Dieu (F2)	1
cele creance	ce croire (F2)	1
par ce il	par ce qu'il (C2 C3 E2 F2 G1 M1 N)	1
s'abitation	l'abitation (F2)	1
la	cele (F2)	1
si c'on	si conme l'en (E2 F2 G1)	1
coucierent	mirrent (F2)	1
lalainz jornee	lendemain (F2)	1
l'entraioient	le tiroient (F2)	1
avienent	viennent a bon chief (F2)	1
Rufus	Refus (D E2 F2)	1
de	hors de (F2 G1 M1 N)	1
s'evesqi	l'eveschié (F2)	1
q'en	et en (F2)	1
en mout bele forme	en semblance molt belle (F2)	1
premiers	premereins (C2 C3 D E2 F2 M1 N)	1
esgardes	regardes (F2)	1
et corone	ne coronne d'or (F2 G1)	1
fumiere	fumee (D E2 F2 G1)	1
raemplie	emplie (F2)	1
qi mout volentiers le reçurent	le reçurent molt liement (F2)	1
li	et le (F2)	1
aparellierent	mirent (F2)	1
grant	bon (F2)	1
male aise	malese (E2 F2)	1
n'avoit apris n'acostumémie acoustuméa us n'a coustume	avoit acoustumé (F2)	1
se seur la terre non tote nue	a la terre dure (F2)	1
une seule haireune haire tant seulement par deseure	n'avoit dessous lui fors une seule haire (F2)	1
seur le pavement	en la place (F2)	1
esprist el fuerre	s'esprist el feurre (F2)	1
fu reporpensés	se fu aporpensez (F2)	1
signum crucis	le signe de la croiz (D E2 F2 G1)	1
les flambes	le feu (F2)	1
d'enmi le feules flammes	hors du feu (F2)	1
doit chascuns	peut on (F2)	1
grant piece le tens	grant temps avant (F2)	1
se il seinte Eglisseen avoitestoit apeisie	que sainte eglise fu apaisie (F2)	1
flun	fleuve (F2)	1
arresta	s'arresta (F2)	1
c'estcecestela manieremartire de deable	ces plunjons (F2)	1
qi	conment il (F2)	1
noient. ne sontn'estoientne sont pasne sont mie voiseusenvieus ne malicieus	a rien ne nuisent (F2)	1
desertes	diverses (C2 D E2 F2 G1)	1
departirent	partirent (C2 D F2 G1)	1
repaireroit	revenroit (F2)	1
faillir	deffaillir (C2 D E2 F2 G1)	1
entor	environ (C2 C3 D E2 F2)	1
Et por cecose	ainsint (F2)	1
s'en	se sour (F2 N)	1
terre	terre non (E2 F2)	1
ensegnoie	donnoit (F2)	1
dejoste	jouste (F2)	1
soi	lui (D F2 G1 M1 N)	1
li	ses (F2)	1
del cors	de son cors (F2)	1
en fu par les meins des seinz angeles portez	par les sains angles fu en paradis portez (F2)	1
tesmoignierent	dirrent (F2)	1
nule	autre (F2)	1
assambla	s'asembla (F2)	1
estoient	i vindrent (F2)	1
ce sont cil	cil (F2 M1)	1
granz	biaux (F2)	1
et 	or (F2)	1
et si distrent	a ceus de Poitiers (F2)	1
trestotes	toutes (E2 F2)	1
dementieresendementresendementiers q'il fuert en vievivoit	en sa vie (F2)	1
envers	devant (F2)	1
li Poitevin	cil de Poitiers (E2 F2)	1
departir	partir (E2 F2)	1
tresor	cors (F2 G1)	1
Gracien	Gacien (C2 C3 D E2 F2 N)	1
mort	venue (F2)	1
se	qant (F2)	1
trovaissent	trouvoient (F2)	1
tresq'au	dusc'au (F2 M1 N)	1
chanter	chantans (F2 G1 M1)	1
a nostre Signor lor orissons	en oroisons et prierent nostre Seignor (F2)	1
donc	adont (F2)	1
sera	fera (F2 G1)	1
si tres granz	si grans (F2)	1
es ciussains ciels	en paradis (F2)	1
avoit oïe	avint (F2)	1
s'en esmerveillierent	s'en merveillierent (F2)	1
trespassee	passee (F2 G1)	1
est trespassee	est passee (F2)	1
la leçon	l'epitre (F2)	1
ensamble o les angeles	avec les angeles (F2 M1)	1
ensamble o la conpagnie des seintes virges	avec la compaignie des virgenes (F2 M1)	1
Ci conmence la translation del corsmonseigneur seint Martin evesque	La translation saint Martin (F2)	1
eslevez	esleuz (C2 C3 D E2 F2 G1)	1
Ce	si la (F2)	1
molt grant estude. et molt en aurions a parler conment		
                      l'oevre fu parfaite et consomeeachevee, se nous a plus haute chose		
                    raconter et dire: n'avions proposé a metre		
                    nostre entente	molt grant et molt haute et molt bele (F2)	1
les clers	l'autre clergié (F2)	1
translation	chose (F2)	1
vint laa la matinee	lendemain vint (F2)	1
sorent	se sorent (C2 C3 D E2 F2 G1)	1
trespasser le jor	le jour passer (F2)	1
revellierent	veillierent (D E2 F2)	1
amont treire	amont traire, mais riens ne leur valut (F2)	1
tresq'a tierz jor	dedens .iii. jours (F2)	1
tresq'a tierz jor	dedens .iii. jours (F2)	1
tresq'a ce jor	dusques a cel jour (F2 G1)	1
remueve	remut (D E2 F2)	1
s'asistrent	se tinrent (F2)	1
tresq'au tierz jor	dusqu'au tiers jour (F2)	1
jeunes	ymnes (D E2 F2)	1
qart	tierz (C2 D E2 F2)	1
l'emporterent	le porterent (F2)	1
costume	acoustumé (F2)	1
manderent	demanderent (C2 C3 D E2 F2 G1)	1
n'estoit la nus hom	nul (F2)	1
qi l'eüst veü	ne l'avoit veü (F2)	1
et qe	et ce que (C2 D E2 F2)	1
des siecles	sanz fin (F2)	1
